genero,faixa,artista,album,data_lancamento,popularidade,duracao_ms
Hip-Hop,Barcode,Icaki,Отрепка,2019-08-08,0,135724
Hip-Hop,Суки не молчат,Drug Dilla,Седьмой круг,2018-07-19,0,177754
Hip-Hop,Hypnotic State,Factor,Gaya,2013-11-01,0,381743
Hip-Hop,Характеристика,Nonamerz,Piratka Mixtape,2008,0,115746
Hip-Hop,503 (Radio Edit),Cool Nutz,503,2019-12-11,0,225296
Hip-Hop,100 Dreams,Vinci,MARMER,2020-04-03,0,225192
Hip-Hop,Isaac Hrangchal Ooze Party,Zorimawi,Isaac Hrangchal Ooze Party,2023-07-08,0,129086
Hip-Hop,Спит жена,Банги Хэп,Неизданное,2017-09-01,0,203276
Hip-Hop,Machine Gun Etiquette,A.M. Breakups,Architecture 4 | Proud Horses,2019-05-20,0,190275
Hip-Hop,Someone Gets Fucked Up,M.C. Mack,For Life da Undaboss: Volume 5 (Chopped & Screwed),2015-07-07,0,313290
Hip-Hop,Likhayi,Speller,Likhayi,2020-09-06,0,138205
Hip-Hop,Yermande,Gokh-Bi System,Voice Of The Jeli,2009-01-25,0,248346
Hip-Hop,Going Wild (Bruce is loose) Clean,Game on! Minnesota,Going Wild (Bruce Is Loose),2016-10-09,0,250279
Hip-Hop,Choppas,Thug Lucciano,All or Nothing: Gangsta Grillz,2019-09-13,0,159000
Hip-Hop,5th Season,Rcthahazard,5th Season,2023-02-20,0,152667
Hip-Hop,Good as Hell - Bad Royale Remix,Lizzo,We Be Vibin´,2021-09-17,0,213600
Hip-Hop,For Days,Balaclava Blanco,If Broken Return to the Boyfriend Factory,2020-06-11,0,200487
Hip-Hop,Feel Good Inc,Gorillaz,Hip-Hop Party Bangers 2024,2024-07-25,0,222640
Hip-Hop,LETI,Ghostown,Sow Instrumental,2021-06-11,0,213818
Hip-Hop,Magic (Skit),Sincerely Collins,The Legend Of The Phoenix,2016-05-13,0,21876
Hip-Hop,On the Rise,Lil Malice,Create a Buzz 3.5,2020-05-12,0,256880
Hip-Hop,Chances,42,Live Studio Ep (Demo),2010,0,261564
Hip-Hop,Cyborg (feat. Hollohan & Boris Yeltsin),Sampson,Ill-Mannered,2012-06-05,0,240195
Hip-Hop,Il Silenzio E La Luce (Instrumental),Kidd Peko,Iceberg: The Instrumentals,2024-03-08,0,184000
Hip-Hop,WE COULD MAKE STORIES,Moezart,The Sunrise Tapes,2021-08-20,0,174245
Hip-Hop,Dmt,John'nay Lasha,Golden Hour,2020-06-15,0,253269
Hip-Hop,Киллер - DJ Greg Beatz Remix,Bad Balance,The art of the RMX #8,2021-07-01,0,228055
Hip-Hop,Thats Okay,Mr. Kee,The One,2014-02-25,0,245155
Hip-Hop,After Party (Remix),Melange Lavonne,A Walk in My Shoes,2013-04-13,0,205533
Hip-Hop,Have Fun Tonight,Killa A,Have Fun Tonight,2023-06-09,0,254354
Hip-Hop,Fearless,Jayval Green,The Sound Of It All,2022-07-15,0,191031
Hip-Hop,Introduction Skit,Heartbreaka,1904,2016-01-09,0,25919
Hip-Hop,232 of 365,C.W. Da YoungBlood,August,2021-12-15,0,147013
Hip-Hop,Tete Wa,Lord Of Ajasa,"Limitless Urban, Vol. 36",2021-06-28,0,297952
Hip-Hop,Casa mia,Ghali,Cenetta Romantica,2024-09-10,0,210541
Hip-Hop,Идеальный пациент - Интерлюдия 2,ST1M,Семнашка,2020-06-05,0,28000
Hip-Hop,Easy and Nice,Katastrophe,"Fault, Lines, And Faultlines",2007-12-11,0,214866
Hip-Hop,Safehouse,BBN Cartier,Safehouse,2020-05-15,0,158575
Hip-Hop,'TooMuch',T I€Ł$,TooMuch',2019-12-27,0,217295
Hip-Hop,Everyday,Logic,Sin ánimo,2024-04-07,0,204746
Hip-Hop,Intro - Remastered,Edo Maajka,Slušaj mater (Remastered),2019-10-11,0,25998
Hip-Hop,Pack Your Bags,Red Shaydez,Magnetic Aura,2016-09-26,0,223152
Hip-Hop,Sudbina,Deniz,Sanjam Te,2010-01-01,0,138613
Hip-Hop,Mc Zensur Skit 2,Baze,Aus isch Ü40,2022-06-17,0,15050
Hip-Hop,Medusa,Early Bird,Medusa,2021-07-26,0,132000
Hip-Hop,XV Primaveras,Carlos Leal,Hijo de Tigre Pintito,2015-01-07,0,319840
Hip-Hop,Sticcs,Thug Lucciano,Sticcs,2019-06-20,0,165739
Hip-Hop,Mary Don't You Weep,Lady J,Mary Don't You Weep,2021-08-31,0,398262
Hip-Hop,Bitch Yo Perfect,Sarafa,Peezy Music,2021-04-02,0,272953
Hip-Hop,Heart Is Breaking - Royce Rolls Remix,Ty,Heart Is Breaking,2010-08-30,0,360582
Hip-Hop,Nextel,K Pi$tol,Numb,2019-12-31,0,236543
Hip-Hop,Grrrls,Lizzo,Summer,2024-08-16,0,121112
Hip-Hop,On the Rise,Lil Malice,Create a Buzz 3,2020-02-28,0,185155
Hip-Hop,Believe,12mé,Believe,2023-05-22,0,156800
Hip-Hop,Shake It,Y-Love & Yuri Lane,Count It,2008-04-14,0,157320
Hip-Hop,I'm Right Here,Tori Fixx,Marry Me,2005-01-01,0,205800
Hip-Hop,CoronaVirus,MikS,CoronaVirus,2020-03-20,0,145601
Hip-Hop,Be in my Video,Cream,Back in the Day,2021-01-17,0,214073
Hip-Hop,Luke Chapter 8,Christian,Christian,2008-01-01,0,542093
Hip-Hop,Informer,Snow,Radio Chart Hits,2024-05-16,0,256906
Hip-Hop,TOO MUCH,Jack Harlow,10s Rap,2024-03-15,0,215135
Hip-Hop,Only If You Go,Bfd,Only If You Go,2018-12-04,0,307617
Hip-Hop,Печенье,Дымовая Завеса,Без контрацепции...,2000-07-10,0,89300
Hip-Hop,Lincoln (Skit),"Royce Da 5'9""",Layers,2016-04-15,0,117826
Hip-Hop,'Til I'm Dead,Gass-Pipe,Fatality,2017-11-12,0,220739
Hip-Hop,Lipstick Lover,Janelle Monáe,Night Vibes,2023-07-21,0,169386
Hip-Hop,Memories On 47th St.,VIC MENSA,euphoria vibes.,2023-06-12,0,242000
Hip-Hop,INSTRUMENTal (2007),Oriole,20th Anniversary Beat Tape Part One,2022-07-08,0,208718
Hip-Hop,Lueur Parmi les ombres,12mé,Parmi tant d'autres,2004-06-06,0,246099
Hip-Hop,Ange Et Gruikk,Lingouf,Ange Et Gruikk,2009-09-14,0,539773
Hip-Hop,Lífið er ljúft (FMK),Love Guru,Lífið er ljúft (Remixes),2019-05-31,0,217142
Hip-Hop,Hayolimda - Rodle Remix,King Macarella,Hayolimda (Rodle Remix),2021-09-21,0,150649
Hip-Hop,Slide,C.W. Da YoungBlood,G.O.A.T. (Greatest of All Trappers),2019-05-01,0,135054
Hip-Hop,Good as Hell - Bad Royale Remix,Lizzo,R&B Esencial,2023-02-14,0,213600
Hip-Hop,Break it Down featuring Tori Fixx,Bigg Nugg,La Revolucion,2007-01-01,0,193000
Hip-Hop,SKIT 2: LIL RUFUS GETS LOOSE,P-Lo,Moovie! 2: The Yeequel,2024-07-08,0,20459
Hip-Hop,Sogni di contrabbando - Instrumental,Swelto,"Conscious Beats, Vol. 1",2022-05-27,0,197561
Hip-Hop,Zrození Draka,Jimmy Dickson,Knzllr,2014-11-29,0,266616
Hip-Hop,Show Em That It's Real (Freestyle Jam Session) - Live,Scotty ATL,Daily Bread Unplugged (Live),2016-12-09,0,321194
Hip-Hop,28 Grams,Lil Los,Cold Summer (w/ Nate Bone),2019-08-26,0,200881
Hip-Hop,Jer Zbog Ti,Nidža Bleja,Jer Zbog Ti,2013-11-28,0,171493
Hip-Hop,Christmas Junt Pt. III,Macksta C,Christmas Junt Pt. III,2021-12-29,0,230535
Hip-Hop,Un Kasa Intro,40 Cal.,Heat Season (with 40 Cal of Dipset),2016-03-17,0,25704
Hip-Hop,SOMETHING DUMB - Bonus Track,Moezart,The Sunrise Tapes,2021-08-20,0,180293
Hip-Hop,Simple Man,Black Noise,Rotational High,2002-01-01,0,275266
Hip-Hop,Dreaming of a Better World,C-Lance,Mentalz (Volume One),2017-12-21,0,235833
Hip-Hop,"Le rose e la pietra (From ""Saturno contro - Saturn Opposition"")",Neffa,LOFI Chill In Movies,2023-06-29,0,228653
Hip-Hop,Bleiglanz - Instrumental,Johnny Katharsis,Zonenfeeling,2024-02-23,0,161956
Hip-Hop,Онаподамной,Al Solo,Шик!!!,2010-04-20,0,209413
Hip-Hop,Sweet Yamz,Fetty Wap,Songs für Zuhause,2024-06-01,0,105194
Hip-Hop,Desire,12mé,The A Dream,2023-12-18,0,127433
Hip-Hop,Isn’t He Sumpthin - Instrumental,David Strickland,Spirit Of Hip Hop (Instrumentals),2023-01-31,0,262524
Hip-Hop,INTERLUDE I,Skubi,BAOS,2011,0,23170
Hip-Hop,En high 5 & 1 falafel,Timbuktu,Pusselbitar,2012-06-28,0,226160
Hip-Hop,Back for More,Freeway,"Month of Madness, Vol. 5",2014-11-18,0,190067
Hip-Hop,Switch It Up,Z.A.I.,Truth in Love,2022-04-09,0,185559
Hip-Hop,I Don't Care About That,12mé,I Don't Care About That,2023-09-22,0,157894
Hip-Hop,Kissebb Nagyobb,Busa Pista,Napkitörés,2023-03-23,0,263032
Hip-Hop,Problems,Blake Rules,Sorry for Being Amazing,2017-06-20,0,244610
Hip-Hop,Что такое счастье - Remix,Big Black Boots,Новая музыка,2001-01-01,0,207213
Country,Far From Any Road,The Handsome Family,Singing Bones,2003-09-29,67,166493
Country,Indigo (feat. Avery Anna),Sam Barber,Restless Mind,2024-11-01,83,286634
Country,I'm The Problem,Morgan Wallen,I’m The Problem,2025-05-16,83,177811
Country,Breathe,Faith Hill,Breathe,1999-11-09,66,250546
Country,Life is a Highway,Rascal Flatts,Cars (Original Motion Picture Soundtrack),2006-01-01,74,275640
Country,I Got Better,Morgan Wallen,I’m The Problem,2025-05-16,85,204963
Country,Keep The Wolves Away,Uncle Lucius,And You Are Me,2012-08-28,78,275520
Country,Pink Skies,Zach Bryan,Pink Skies,2024-05-24,84,194920
Country,Your Man,Josh Turner,Your Man,2006,74,211893
Country,When It Rains It Pours,Luke Combs,This One's for You,2017-06-02,80,242680
Country,Something in the Orange,Zach Bryan,Something in the Orange,2022-04-22,86,228013
Country,In Case You Didn't Know,Brett Young,Brett Young,2017-02-10,74,224853
Country,Ain't No Love In Oklahoma (From Twisters: The Album),Luke Combs,Ain't No Love In Oklahoma (From Twisters: The Album),2024-05-16,81,210950
Country,One Number Away,Luke Combs,This One's for You,2017-06-02,76,222573
Country,I Remember Everything (feat. Kacey Musgraves),Zach Bryan,Zach Bryan,2023-08-25,86,227195
Country,Gone Country,Alan Jackson,Who I Am Bonus Track,1992,63,259893
Country,Forever After All,Luke Combs,What You See Ain't Always What You Get (Deluxe Edition),2020-10-23,80,232489
Country,Millionaire,Chris Stapleton,From A Room: Volume 2,2017-12-01,74,210133
Country,A Bar Song (Tipsy),Shaboozey,A Bar Song (Tipsy),2024-04-12,83,171291
Country,Better Me For You (Brown Eyes),Max McNown,Night Diving,2025-01-24,81,194120
Country,Ordinary (feat. Luke Combs) - Live from Lollapalooza,Alex Warren,Ordinary (feat. Luke Combs) - Live from Lollapalooza,2025-08-07,78,205467
Country,Tennessee Whiskey,Chris Stapleton,Traveller,2015-05-04,84,293293
Country,weren't for the wind,Ella Langley,still hungover,2024-11-01,82,193666
Country,A Lot More Free,Max McNown,Wandering (Love Me Back),2024-09-06,77,198920
Country,Any Man Of Mine,Shania Twain,The Woman In Me,1995-01-01,73,246760
Country,Country Boy,Alan Jackson,Good Time,2008-11-05,65,246080
Country,Amarillo By Morning,George Strait,Strait From The Heart,1982-01-01,73,173466
Country,Miles On It,Marshmello,Miles On It,2024-05-03,79,168355
Country,Worst Way,Riley Green,Way Out Here,2024-04-12,82,220558
Country,Last Night,Morgan Wallen,One Thing At A Time,2023-03-03,83,163854
Country,TEXAS HOLD 'EM,Beyoncé,TEXAS HOLD 'EM,2024-02-11,74,233456
Country,Where the Wild Things Are,Luke Combs,Gettin' Old,2023-03-24,82,239544
Country,You Should Probably Leave,Chris Stapleton,Starting Over,2020-11-13,84,213493
Country,I Had Some Help (Feat. Morgan Wallen),Post Malone,I Had Some Help,2024-05-10,81,178205
Country,Little Bitty,Alan Jackson,Everything I Love,1996-09-30,70,158626
Country,Livin' On Love,Alan Jackson,Who I Am Bonus Track,1992,64,228826
Country,Austin (Boots Stop Workin'),Dasha,What Happens Now?,2024-02-16,82,171782
Country,Chattahoochee,Alan Jackson,A Lot About Livin' (And A Little 'Bout Love),1992-10-09,73,148160
Country,Work Song,Hozier,Hozier,2014-09-19,75,229715
Country,Stuck on You,Dave Fenley,Stuck on You,2019-07-26,66,195594
Country,Starting Over,Chris Stapleton,Starting Over,2020-11-13,79,240413
Country,Guy For That (Feat. Luke Combs),Post Malone,F-1 Trillion,2024-08-15,76,164011
Country,Fast Car,Luke Combs,Gettin' Old,2023-03-24,82,265284
Country,Think I'm In Love With You,Chris Stapleton,Higher,2023-11-10,80,222800
Country,TEXAS HOLD 'EM,Beyoncé,COWBOY CARTER,2024-03-29,70,233456
Country,A Bar Song (Tipsy),Shaboozey,"Where I've Been, Isn't Where I'm Going",2024-05-31,80,171291
Country,Partiu Pro Litoral,CountryBeat,Partiu Pro Litoral,2025-11-24,0,165000
Country,I Had Some Help (Feat. Morgan Wallen),Post Malone,F-1 Trillion,2024-08-15,82,178205
Country,What I Want (feat. Tate McRae),Morgan Wallen,I’m The Problem,2025-05-16,86,184517
Country,Ela Não Vai Mais Chorar,Zé Felipe,Country Sessions 2,2025-11-13,49,164695
Country,Don't Rock the Jukebox,Alan Jackson,Don`t Rock The Jukebox,1991-04-03,64,171066
Country,Achy Breaky Heart,Billy Ray Cyrus,Some Gave All,1992,69,203373
Country,I Never Lie,Zach Top,Cold Beer & Country Music,2024-04-05,80,224906
Country,Meant to Be (feat. Florida Georgia Line),Bebe Rexha,All Your Fault: Pt. 2,2017-08-11,70,163870
Country,Loving You On My Mind,Chris Stapleton,Higher,2023-11-10,75,209040
Country,Write This Down,George Strait,Always Never The Same,1999-01-01,71,219600
Country,Drive (For Daddy Gene),Alan Jackson,Drive,2002-01-15,66,242733
Country,Chasin' You,Morgan Wallen,If I Know Me,2018-04-27,80,205453
Country,A Simple Song,Chris Stapleton,From A Room: Volume 2,2017-12-01,71,216013
Country,Walk My Walk,Breaking Rust,Resilient,2025-10-17,72,213159
Country,It's Five O'Clock Somewhere,Alan Jackson,Greatest Hits Volume II,2003-10-09,65,229800
Country,Joy Of My Life,Chris Stapleton,Starting Over,2020-11-13,76,274520
Country,My Maria,Brooks & Dunn,#1s ... and then some,2009-09-08,69,208106
Country,One Horse Town,Blackberry Smoke,The Whippoorwill,2012-08-14,57,256146
Country,Wondering Why,The Red Clay Strays,Moment of Truth,2022-04-29,83,232917
Country,God's Gonna Cut You Down,Johnny Cash,American V: A Hundred Highways,2006-01-01,68,158573
Country,Back in the Saddle,Luke Combs,Back in the Saddle,2025-07-25,77,213062
Country,Choosin' Texas,Ella Langley,Choosin' Texas,2025-10-17,83,232226
Country,Meet In the Middle,Diamond Rio,Diamond Rio,1991-07-01,69,198333
Country,Whiskey Glasses,Morgan Wallen,If I Know Me,2018-04-27,81,234346
Country,Fall In Love,Bailey Zimmerman,Religiously. The Album.,2023-01-11,79,232058
Country,Good Time,Alan Jackson,Good Time,2008-11-05,67,306773
Country,"Forever and Ever, Amen",Randy Travis,Always & Forever,1987-05-04,77,212640
Country,Black Creek,Brent Cobb,No Place Left to Leave (2006),2020-02-07,73,212453
Country,Hurricane,Luke Combs,This One's for You,2017-06-02,75,223306
Country,She Got the Best of Me,Luke Combs,This One's for You Too (Deluxe Edition),2018-06-01,77,183160
Country,I Lied to You,Miles Caton,Sinners (Original Motion Picture Soundtrack),2025-04-18,63,314906
Country,Feed the Machine,Poor Man's Poison,Feed the Machine,2020-07-17,70,183328
Country,Thinkin’ Bout Me,Morgan Wallen,One Thing At A Time,2023-03-03,80,177387
Country,Hell's Comin' with Me,Poor Man's Poison,Hell's Comin' with Me,2019-12-13,72,212996
Country,The Painter,Cody Johnson,Leather,2023-11-03,77,211413
Country,Backup Plan (feat. Luke Combs),Bailey Zimmerman,Different Night Same Rodeo,2025-08-08,76,181518
Country,Parachute,Chris Stapleton,Traveller,2015-05-04,77,253200
Country,I Was Wrong,Chris Stapleton,From A Room: Volume 1,2017-05-05,72,191480
Country,In The Air Tonight,Sons of Legion,In The Air Tonight,2023-01-20,68,222000
Country,Beautiful Crazy,Luke Combs,This One's for You Too (Deluxe Edition),2018-06-01,78,193466
Country,We've Got Tonight,Kenny Rogers,We've Got Tonight,1983-02-11,65,234560
Country,'Til You Can't,Cody Johnson,Human The Double Album,2021-10-08,79,224213
Country,We Ride,Bryan Martin,Poets & Old Souls,2023-03-31,74,188482
Country,Pour Me A Drink (Feat. Blake Shelton),Post Malone,F-1 Trillion,2024-08-15,70,195122
Country,Broken Bones,KALEO,A/B,2016-06-10,69,245960
Country,Love Me Back,Max McNown,Wandering (Love Me Back),2024-09-06,74,200785
Country,Life is a Highway,Rascal Flatts,Me And My Gang,2006-11-13,74,276320
Country,Wind Up Missin’ You,Tucker Wetmore,Waves On A Sunset,2024-10-04,80,166666
Country,Jolene,Dolly Parton,Jolene (Expanded Edition),1974,72,161533
Country,Broken Halos,Chris Stapleton,From A Room: Volume 1,2017-05-05,77,180906
Country,Cold,Chris Stapleton,Starting Over,2020-11-13,74,309853
Country,Cowgirls,Morgan Wallen,One Thing At A Time,2023-03-03,82,181621
Country,White Horse,Chris Stapleton,Higher,2023-11-10,77,267893
Country,Somethin' 'Bout A Woman,Thomas Rhett,About A Woman (Deluxe),2025-10-17,70,207794
Pop,APT.,ROSÉ,APT.,2024-10-18,88,169917
Pop,The Fate of Ophelia,Taylor Swift,The Life of a Showgirl,2025-10-03,100,226073
Pop,So Easy (To Fall In Love),Olivia Dean,The Art of Loving,2025-09-26,94,169000
Pop,WHERE IS MY HUSBAND!,RAYE,WHERE IS MY HUSBAND!,2025-09-19,94,196795
Pop,Set Fire to the Rain,Adele,21,2011-01-24,79,242973
Pop,In Da Club,50 Cent,Get Rich Or Die Tryin',2003-02-06,82,193466
Pop,SPAGHETTI,LE SSERAFIM,SPAGHETTI,2025-10-24,88,172313
Pop,Someone You Loved,Lewis Capaldi,Divinely Uninspired To A Hellish Extent,2019-05-17,87,182160
Pop,Gnarly,KATSEYE,Gnarly,2025-04-30,88,137316
Pop,JUMP,BLACKPINK,JUMP,2025-07-11,90,164718
Pop,Photograph,Ed Sheeran,x (Deluxe Edition),2014-06-21,87,258986
Pop,Haegeum,Agust D,D-DAY,2023-04-21,87,168926
Pop,"Good Luck, Babe!",Chappell Roan,"Good Luck, Babe!",2024-04-05,90,218423
Pop,Gabriela,KATSEYE,Gabriela,2025-06-20,93,197226
Pop,Don’t Say You Love Me,Jin,Echo,2025-05-16,87,180716
Pop,greedy,Tate McRae,greedy,2023-09-15,88,131872
Pop,Poker Face,Lady Gaga,The Fame,2008-01-01,85,237200
Pop,Opalite,Taylor Swift,The Life of a Showgirl,2025-10-03,96,235355
Pop,When Did You Get Hot?,Sabrina Carpenter,Man’s Best Friend,2025-08-29,91,145398
Pop,Just Dance,Lady Gaga,The Fame,2008-01-01,84,241933
Pop,Iris,The Goo Goo Dolls,Dizzy up the Girl,1998,93,289533
Pop,Eu Me Apaixonei,Vitinho Imperador,Eu Me Apaixonei,2025-02-27,85,205714
Pop,Who,Jimin,MUSE,2024-07-19,86,170887
Pop,Killin' It Girl (feat. GloRilla),j-hope,Killin' It Girl (feat. GloRilla),2025-06-13,82,148714
Pop,"Desliza (""Ólhinho"" No Corpinho)",Léo Santana,"Desliza (""Ólhinho"" No Corpinho)",2025-05-16,80,146560
Pop,Somewhere Only We Know,Keane,Hopes And Fears,2004-05-10,87,237146
Pop,Father Figure,Taylor Swift,The Life of a Showgirl,2025-10-03,92,212777
Pop,That's What I Like,Bruno Mars,24K Magic,2016-11-17,89,206693
Pop,The Scientist,Coldplay,A Rush of Blood to the Head,2002-08-27,88,309600
Pop,Take on Me,a-ha,Hunting High and Low,1985-06-01,87,225280
Pop,Breakin' Dishes,Rihanna,Good Girl Gone Bad: Reloaded,2008-06-02,87,200573
Pop,Man I Need,Olivia Dean,Man I Need,2025-08-15,96,184000
Pop,Tears,Sabrina Carpenter,Man’s Best Friend,2025-08-29,92,160183
Pop,Everybody Wants To Rule The World,Tears For Fears,Songs From The Big Chair (Super Deluxe Edition),1985-02-25,88,251488
Pop,Yellow,Coldplay,Parachutes,2000-07-10,91,266773
Pop,Paradise,Coldplay,Mylo Xyloto,2011-10-24,85,278719
Pop,Elizabeth Taylor,Taylor Swift,The Life of a Showgirl,2025-10-03,93,208291
Pop,The Life of a Showgirl (feat. Sabrina Carpenter),Taylor Swift,The Life of a Showgirl,2025-10-03,91,241766
Pop,Ama Um Maloqueiro,Rafa e Junior,Ama Um Maloqueiro,2025-05-22,84,162580
Pop,BIRDS OF A FEATHER,Billie Eilish,HIT ME HARD AND SOFT,2024-05-17,95,210373
Pop,Mãe Solteira,DG e Batidão Stronda,Mãe Solteira,2025-03-03,74,144000
Pop,Ninguém Pode Saber,CountryBeat,Ninguém Pode Saber,2025-10-22,76,154956
Pop,Cópia Proibida,Léo Foguete,Obrigado Deus,2024-10-26,80,159480
Pop,Golden,HUNTR/X,KPop Demon Hunters (Soundtrack from the Netflix Film),2025-06-20,99,194607
Pop,Amor Traumatizado,Felipe Amorim,RomantiDog (Deluxe),2025-07-11,76,167076
Pop,Olha Onde Eu Tô,Ana Castela,Let's Go Rodeo,2025-05-29,77,181693
Pop,DENTRO DA LAND ROVER - Ao Vivo,Luan Pereira,"DEBAIXO DO MEU CHAPÉU, Vol. 2",2025-09-18,76,159082
Pop,Mentira Estampada,Wesley Safadão,Arrocha Safadão,2024-09-06,77,173206
Pop,Última Noite - Solo,Léo Foguete,Obrigado Deus,2024-10-26,76,154553
Pop,Eu Vou na Sua Casa,Felipe Amorim,RomantiDog,2025-06-16,81,179039
Pop,Manchild,Sabrina Carpenter,Manchild,2025-06-05,86,213645
Pop,La Perla,ROSALÍA,LUX,2025-11-07,90,195546
Pop,Espresso,Sabrina Carpenter,Espresso,2024-04-12,85,175459
Pop,a thousand years,Christina Perri,a thousand years,2011-10-18,84,285120
Pop,Uptown Funk (feat. Bruno Mars),Mark Ronson,Uptown Special,2015-01-12,84,269658
Pop,Judas,Lady Gaga,Born This Way (International Special Edition Version),2011-05-23,82,249066
Pop,Eldest Daughter,Taylor Swift,The Life of a Showgirl,2025-10-03,89,246356
Pop,If I Ain't Got You,Alicia Keys,The Diary Of Alicia Keys,2003-12-02,83,228706
Pop,End of Beginning,Djo,DECIDE,2022-09-16,90,159245
Pop,Apocalypse,Cigarettes After Sex,Cigarettes After Sex,2017-06-09,90,290146
Pop,Take Me To Church,Hozier,Hozier,2014-09-19,83,241688
Pop,Cold Heart - PNAU Remix,Elton John,Cold Heart (PNAU Remix),2021-08-13,81,202735
Pop,Paparazzi,Lady Gaga,The Fame,2008-01-01,81,208306
Pop,Side To Side,Ariana Grande,Dangerous Woman,2016-04-01,83,226160
Pop,Woman,Doja Cat,Planet Her,2021-06-25,84,172626
Pop,Don't Stop The Music,Rihanna,Good Girl Gone Bad: Reloaded,2008-06-02,85,267080
Pop,like JENNIE,JENNIE,Ruby,2025-03-07,88,123517
Pop,Life Goes On,BTS,BE,2020-11-20,81,207481
Pop,How It’s Done,HUNTR/X,KPop Demon Hunters (Soundtrack from the Netflix Film),2025-06-20,92,176059
Pop,Reliquia,ROSALÍA,LUX,2025-11-07,87,230240
Pop,I'm Not The Only One,Sam Smith,In The Lonely Hour,2014-05-26,86,239316
Pop,Someone Like You,Adele,21,2011-01-24,78,285240
Pop,Just Keep Watching (From F1® The Movie),Tate McRae,Just Keep Watching (From F1® The Movie),2025-05-30,90,142550
Pop,Actually Romantic,Taylor Swift,The Life of a Showgirl,2025-10-03,90,163699
Pop,That’s So True,Gracie Abrams,The Secret of Us (Deluxe),2024-10-18,90,166300
Pop,Touch,KATSEYE,Touch,2024-07-26,86,129882
Pop,Thinking out Loud,Ed Sheeran,x (Deluxe Edition),2014-06-21,84,281560
Pop,Berghain,ROSALÍA,Berghain,2025-10-27,86,178853
Pop,Say You Won't Let Go,James Arthur,Back from the Edge,2016-10-28,86,211477
Pop,Into You,Ariana Grande,Dangerous Woman,2016-04-01,84,244453
Pop,Wild Flower (with youjeen),RM,Indigo,2022-12-02,80,273499
Pop,Always Remember Us This Way,Lady Gaga,A Star Is Born Soundtrack (Without Dialogue),2018-10-05,85,210200
Pop,Stay With Me,Sam Smith,In The Lonely Hour,2014-05-26,83,172723
Pop,All of Me,John Legend,Love In The Future (Expanded Edition),2013-08-30,86,269556
Pop,Ruin The Friendship,Taylor Swift,The Life of a Showgirl,2025-10-03,89,220564
Pop,DAISIES,Justin Bieber,SWAG,2025-07-11,91,176453
Pop,Sign of the Times,Harry Styles,Harry Styles,2017-05-12,86,340706
Pop,Seven (feat. Latto) (Explicit Ver.),Jung Kook,GOLDEN,2023-11-03,83,183550
Pop,Taste,Sabrina Carpenter,Short n' Sweet,2024-08-23,87,157279
Pop,Dreams - 2004 Remaster,Fleetwood Mac,Rumours (Super Deluxe),1977-02-04,89,257800
Pop,Toxic,Britney Spears,In The Zone,2003-11-13,85,198800
Pop,CHIHIRO,Billie Eilish,HIT ME HARD AND SOFT,2024-05-17,87,303440
Pop,CANCELLED!,Taylor Swift,The Life of a Showgirl,2025-10-03,90,211498
Pop,She Will Be Loved - Radio Mix,Maroon 5,Songs About Jane: 10th Anniversary Edition,2002,85,259453
Pop,Only Girl (In The World),Rihanna,Loud,2010-01-01,86,235493
Pop,Wood,Taylor Swift,The Life of a Showgirl,2025-10-03,90,150517
Pop,Wi$h Li$t,Taylor Swift,The Life of a Showgirl,2025-10-03,91,207349
Pop,Espresso,Sabrina Carpenter,Short n' Sweet,2024-08-23,86,175459
Pop,The Fate of Ophelia,Taylor Swift,The Life of a Showgirl,2025-10-03,87,226073
Pop,Manchild,Sabrina Carpenter,Man’s Best Friend,2025-08-29,88,213645
Latin,La Perla,ROSALÍA,LUX,2025-11-07,90,195546
Latin,YO y TÚ,Ovy On The Drums,YO y TÚ,2025-06-11,88,198153
Latin,Tití Me Preguntó,Bad Bunny,Un Verano Sin Ti,2022-05-06,84,243716
Latin,Quiero Decirte,Abraham Mateo,Quiero Decirte,2022-05-12,81,222348
Latin,VITAMINA,Jombriel,VITAMINA,2025-02-27,81,208743
Latin,COQUETA,Fuerza Regida,MALA MÍA,2024-12-19,87,241648
Latin,"Shakira: Bzrp Music Sessions, Vol. 53/66",Bizarrap,"Shakira: Bzrp Music Sessions, Vol. 53/66",2023-01-11,76,214945
Latin,La Mentira,Luis Miguel,Romance,1991-11-19,79,226493
Latin,Ivonny Bonita,KAROL G,Tropicoqueta,2025-06-20,83,222458
Latin,"Daddy Yankee: Bzrp Music Sessions, Vol. 0/66",Bizarrap,"Daddy Yankee: Bzrp Music Sessions, Vol. 0/66",2025-11-05,89,151805
Latin,(When You Gonna) Give It Up to Me (feat. Keyshia Cole) - Radio Version,Sean Paul,(When You Gonna) Give It up to Me (feat. Keyshia Cole),2006-09-30,78,243880
Latin,Se Preparó,Ozuna,Odisea,2017-08-25,82,188080
Latin,PROVENZA,KAROL G,MAÑANA SERÁ BONITO,2023-02-24,81,207626
Latin,Temperature,Sean Paul,The Trinity,2005-09-27,83,216320
Latin,Si Antes Te Hubiera Conocido,KAROL G,Si Antes Te Hubiera Conocido,2024-06-21,84,195824
Latin,WELTiTA,Bad Bunny,DeBÍ TiRAR MáS FOToS,2025-01-05,82,187507
Latin,Shake It To The Max (FLY) - Remix,MOLIY,Shake It To The Max (FLY) (Remix),2025-02-21,84,178775
Latin,VeLDÁ,Bad Bunny,DeBÍ TiRAR MáS FOToS,2025-01-05,87,235336
Latin,DtMF,Bad Bunny,DeBÍ TiRAR MáS FOToS,2025-01-05,91,237117
Latin,"Ride Or Die, Pt. 2 (with Villano Antillano & Tokischa)",Sevdaliza,"Ride Or Die, Pt. 2",2024-04-18,80,158728
Latin,Yo Voy (feat. Daddy Yankee),Zion & Lennox,Motivando a la Yal,2004-05-04,80,232019
Latin,Corazón partío,Alejandro Sanz,Más,1997,78,343413
Latin,La Tortura (feat. Alejandro Sanz),Shakira,Fijación Oral Volumen 1 (Expanded Edition),2005-06-03,81,216225
Latin,LATINA FOREVA,KAROL G,Tropicoqueta,2025-06-20,81,159522
Latin,Soltera,Shakira,Soltera,2024-09-25,79,214642
Latin,EoO,Bad Bunny,DeBÍ TiRAR MáS FOToS,2025-01-05,88,204768
Latin,LA CANCIÓN,J Balvin,OASIS,2019-06-28,86,242573
Latin,Azul,J Balvin,Colores,2020-03-19,79,205933
Latin,Hawái,Maluma,PAPI JUANCHO,2020-08-21,79,199112
Latin,Berghain,ROSALÍA,Berghain,2025-10-27,86,178853
Latin,GIRL LIKE ME,Black Eyed Peas,TRANSLATION,2020-11-02,79,222522
Latin,X (feat. Maluma & Ozuna) - Remix,Nicky Jam,X (feat. Maluma & Ozuna) [Remix],2018-06-29,80,236000
Latin,ME JALO,Fuerza Regida,MALA MÍA,2024-12-19,84,212002
Latin,Si No Estás,iñigo quintero,Si No Estás,2022-09-23,79,184061
Latin,Gata Only,FloyyMenor,Gata Only,2024-02-02,85,222000
Latin,VOY A LLeVARTE PA PR,Bad Bunny,DeBÍ TiRAR MáS FOToS,2025-01-05,87,156364
Latin,Gasolina,Daddy Yankee,Barrio Fino (Bonus Track Version),2004-07-13,84,192600
Latin,Felices los 4,Maluma,F.A.M.E.,2018-05-18,78,229848
Latin,Downtown,Anitta,Downtown,2017-11-19,78,193456
Latin,NUEVAYoL,Bad Bunny,DeBÍ TiRAR MáS FOToS,2025-01-05,89,183685
Latin,Me Rehúso,Danny Ocean,54+1,2019-03-22,83,205714
Latin,Chantaje (feat. Maluma),Shakira,El Dorado,2017-05-26,81,195840
Latin,BAILE INoLVIDABLE,Bad Bunny,DeBÍ TiRAR MáS FOToS,2025-01-05,90,367725
Latin,TQG,KAROL G,MAÑANA SERÁ BONITO,2023-02-24,81,197933
Latin,no tiene sentido,Beéle,BORONDO,2025-05-15,88,158036
Latin,Danza Kuduro,Don Omar,Meet The Orphans,2010-01-01,84,198773
Latin,Qué Pasaría...,Rauw Alejandro,Cosa Nuestra,2024-11-15,88,191018
Latin,La Plena - W Sound 05,W Sound,La Plena (W Sound 05),2025-02-19,89,150001
Latin,Si Antes Te Hubiera Conocido,KAROL G,Tropicoqueta,2025-06-20,81,195824
Latin,Berghain,ROSALÍA,LUX,2025-11-07,85,178853
Latin,Tiroteo - Remix,Marc Seguí,Tiroteo (Remix),2021-04-01,84,321555
Latin,TU VAS SIN (fav),Rels B,afroLOVA 25',2025-06-20,89,110495
Latin,BOKeTE,Bad Bunny,DeBÍ TiRAR MáS FOToS,2025-01-05,79,215983
Latin,Addicted to You,Shakira,Sale el Sol,2010-10-19,79,147480
Latin,Obsesion,Aventura,We Broke The Rules,2002-06-01,80,254720
Latin,Hecha Pa' Mi,Boza,Más Negro Que Rojo,2020-07-31,79,186133
Latin,KETU TeCRÉ,Bad Bunny,DeBÍ TiRAR MáS FOToS,2025-01-05,79,250789
Latin,Diles,Bad Bunny,Diles,2016-08-26,85,286040
Latin,TURiSTA,Bad Bunny,DeBÍ TiRAR MáS FOToS,2025-01-05,79,190028
Latin,Shiny,Easykid,I'M PART,2025-06-11,88,158480
Latin,DÁKITI,Bad Bunny,DÁKITI,2020-10-30,78,205090
Latin,Ay Vamos,J Balvin,La Familia B Sides,2014-09-12,78,226413
Latin,top diesel,Beéle,BORONDO,2025-05-15,84,189456
Latin,CAFé CON RON,Bad Bunny,DeBÍ TiRAR MáS FOToS,2025-01-05,79,228836
Latin,LA MuDANZA,Bad Bunny,DeBÍ TiRAR MáS FOToS,2025-01-05,78,213010
Latin,Hips Don't Lie - Spotify Anniversary Version,Shakira,Spotify Anniversary | Oral Fixation (20th) and Pies Descalzos (30th) LIVE,2025-10-22,80,208730
Latin,PIToRRO DE COCO,Bad Bunny,DeBÍ TiRAR MáS FOToS,2025-01-05,76,206627
Latin,Es un Secreto,Plan B,House of Pleasure,2010-07-20,82,192120
Latin,LALA,Myke Towers,LA VIDA ES UNA,2023-03-23,79,197920
Latin,El Perdedor,Maluma,"Pretty Boy, Dirty Boy",2015-10-30,80,207168
Latin,Rompe,Daddy Yankee,Barrio Fino En Directo,2005-01-01,78,188626
Latin,Moscow Mule,Bad Bunny,Un Verano Sin Ti,2022-05-06,83,245939
Latin,El Efecto,Rauw Alejandro,El Efecto,2019-03-15,82,217142
Latin,Tu Sin Mi,Dread Mar I,Vivi En Do,2010-05-01,77,245055
Latin,KLOuFRENS,Bad Bunny,DeBÍ TiRAR MáS FOToS,2025-01-05,84,199114
Latin,AMARGURA,KAROL G,MAÑANA SERÁ BONITO,2023-02-24,82,170480
Latin,Imitadora,Romeo Santos,Golden,2017-07-21,82,234828
Latin,Borro Cassette,Maluma,"Pretty Boy, Dirty Boy",2015-10-30,83,207296
Latin,No Me Conoce - Remix,JHAYCO,Famouz,2019-05-24,82,309120
Latin,EL CLúB,Bad Bunny,DeBÍ TiRAR MáS FOToS,2025-01-05,78,222568
Latin,LA NOCHE DE ANOCHE,Bad Bunny,EL ÚLTIMO TOUR DEL MUNDO,2020-11-27,78,203200
Latin,DÁKITI,Bad Bunny,EL ÚLTIMO TOUR DEL MUNDO,2020-11-27,77,205090
Latin,MONACO,Bad Bunny,nadie sabe lo que va a pasar mañana,2023-10-13,80,267194
Latin,PERRO NEGRO,Bad Bunny,nadie sabe lo que va a pasar mañana,2023-10-13,83,162767
Latin,Estoy Aquí,Shakira,Pies Descalzos,1995-10-06,72,232466
Latin,11 PM,Maluma,11:11,2019-05-17,77,175733
Latin,BESO,ROSALÍA,RR,2023-03-24,79,194543
Latin,Hasta el Amanecer,Nicky Jam,Fénix,2017-01-20,78,198706
Latin,Ojitos Lindos,Bad Bunny,Un Verano Sin Ti,2022-05-06,83,258298
Latin,Escápate Conmigo (feat. Ozuna),Wisin,Victory,2017-12-01,76,232786
Latin,La Bicicleta,Carlos Vives,VIVES,2017-11-10,75,229509
Latin,QLONA,KAROL G,MAÑANA SERÁ BONITO (BICHOTA SEASON),2023-08-10,80,172797
Latin,La Bachata,Manuel Turizo,2000,2023-03-17,79,162637
Latin,PERFuMITO NUEVO,Bad Bunny,DeBÍ TiRAR MáS FOToS,2025-01-05,81,200680
Latin,Me Porto Bonito,Bad Bunny,Un Verano Sin Ti,2022-05-06,82,178567
Latin,El Amante,Nicky Jam,Fénix,2017-01-20,76,219506
Latin,Verano Rosa,KAROL G,Tropicoqueta,2025-06-20,85,210047
Latin,mi refe,Beéle,BORONDO,2025-05-15,84,159404
Latin,capaz (merengueton),Alleh,LA CIUDAD,2024-12-24,84,173858
Latin,LUNA,Feid,FERXXOCALIPSIS,2023-12-01,85,196800
Rock,Thunderstruck,AC/DC,The Razors Edge,1990-09-24,87,292333
Rock,Californication,Red Hot Chili Peppers,Californication (Deluxe Edition),1999-06-08,85,329733
Rock,Toxicity,System Of A Down,Toxicity,2001-09-04,84,218933
Rock,What I've Done,Linkin Park,Minutes to Midnight,2007-05-14,85,205226
Rock,Welcome To The Jungle,Guns N' Roses,Appetite For Destruction,1987-07-21,84,273480
Rock,Sultans Of Swing,Dire Straits,Dire Straits,1978-10-07,84,348400
Rock,Lonely Day,System Of A Down,Hypnotize,2005-11-22,83,167906
Rock,Iris,The Goo Goo Dolls,Dizzy up the Girl,1998,93,289533
Rock,Um Minuto Para O Fim Do Mundo,CPM 22,Felicidade Instantânea,2005-01-01,68,198000
Rock,Somewhere Only We Know,Keane,Hopes And Fears,2004-05-10,87,237146
Rock,Enter Sandman - Remastered 2021,Metallica,Metallica (Remastered Deluxe Box Set),2021-09-10,85,331560
Rock,Black,Pearl Jam,Ten,1991-08-27,81,342653
Rock,Meu Novo Mundo,Charlie Brown Jr.,La Familia 013,2013-10-08,69,207053
Rock,Epitáfio,Titãs,A Melhor Banda De Todos Os Tempos Da Última Semana,2001-04-04,69,175373
Rock,Back In Black,AC/DC,Back In Black,1980-07-25,85,256000
Rock,Bring Me To Life,Evanescence,Fallen,2003-03-04,88,235893
Rock,Have You Ever Seen The Rain,Creedence Clearwater Revival,Pendulum (Expanded Edition),1970-12-07,86,160133
Rock,In the End,Linkin Park,Hybrid Theory (Bonus Edition),2000-10-24,89,216880
Rock,A Cera,O Surto,Todo Mundo Doido,2000-07-03,69,227373
Rock,Smells Like Teen Spirit,Nirvana,Nevermind (Remastered),1991-09-26,85,301920
Rock,Como Tudo Deve Ser,Charlie Brown Jr.,100% Charlie Brown Jr - Abalando A Sua Fábrica,2001-01-01,70,273040
Rock,Somewhere I Belong,Linkin Park,Meteora (Bonus Edition),2003-03-25,83,213933
Rock,November Rain,Guns N' Roses,Use Your Illusion I,1991-09-17,83,536066
Rock,Losing My Religion,R.E.M.,Out Of Time (25th Anniversary Edition),1991-03-12,86,268426
Rock,Creep,Radiohead,Pablo Honey,1993-02-22,92,238640
Rock,Chop Suey!,System Of A Down,Toxicity,2001-09-04,86,210240
Rock,Take on Me,a-ha,Hunting High and Low,1985-06-01,87,225280
Rock,Metamorfose Ambulante,Raul Seixas,"""Krig-Ha, Bandolo""",1973-01-01,69,231240
Rock,Come As You Are,Nirvana,Nevermind (Remastered),1991-09-26,83,218920
Rock,Wonderwall - Remastered,Oasis,(What's The Story) Morning Glory? [Remastered],1995-10-02,80,258773
Rock,Sweet Child O' Mine,Guns N' Roses,Appetite For Destruction,1987-07-21,88,356066
Rock,Faint,Linkin Park,Meteora,2003-03-25,84,162106
Rock,Mulher de fases,Raimundos,Só No Forevis,1999,69,213333
Rock,Exagerado,Cazuza,Exagerado,1985,69,222696
Rock,Aerials,System Of A Down,Toxicity,2001-09-04,83,235053
Rock,Everybody Wants To Rule The World,Tears For Fears,Songs From The Big Chair (Super Deluxe Edition),1985-02-25,88,251488
Rock,Tempo Perdido,Legião Urbana,Dois,1986-01-01,76,302200
Rock,Numb,Linkin Park,Meteora,2003-03-25,88,187520
Rock,Céu Azul,Charlie Brown Jr.,Música Popular Caiçara: Edição Luxo (Ao Vivo),2012,70,198786
Rock,Highway to Hell,AC/DC,Highway to Hell,1979-07-27,86,208110
Rock,Otherside,Red Hot Chili Peppers,Californication (Deluxe Edition),1999-06-08,85,255373
Rock,Lugar Ao Sol,Charlie Brown Jr.,100% Charlie Brown Jr - Abalando A Sua Fábrica,2001-01-01,72,212600
Rock,Ela Vai Voltar (Todos Os Defeitos De Uma Mulher Perfeita),Charlie Brown Jr.,Imunidade Musical,2005-01-01,71,188200
Rock,Só Os Loucos Sabem,Charlie Brown Jr.,Camisa 10 joga bola até na chuva,2009-09-16,74,210493
Rock,Zóio De Lula,Charlie Brown Jr.,"Preço Curto, Prazo Longo",1999-01-05,72,252226
Rock,Será,Legião Urbana,Legião Urbana,1985-01-01,69,150466
Rock,Minha alma (A paz que eu não quero),O Rappa,Lado B Lado A,1999-01-01,71,303773
Rock,Aonde Quer Que Eu Vá,Os Paralamas Do Sucesso,Arquivo II 1991 - 2000,2000-01-01,72,257333
Rock,Anjos (Pra quem tem fé),O Rappa,Nunca Tem Fim (Standard),2013-08-15,71,419520
Rock,"Dias De Luta, Dias De Gloria",Charlie Brown Jr.,Imunidade Musical,2005-01-01,71,145466
Rock,I Was Made For Lovin' You,KISS,Dynasty,1979-03-23,85,271240
Rock,Seven Nation Army,The White Stripes,Elephant,2003-04-01,84,232106
Rock,B.Y.O.B.,System Of A Down,Mezmerize,2005-05-17,79,255466
Rock,Monster,Skillet,Awake,2009-08-21,82,178013
Rock,Nothing Else Matters - Remastered 2021,Metallica,Metallica (Remastered Deluxe Box Set),2021-09-10,83,388733
Rock,PIXELATED KISSES,Joji,PIXELATED KISSES,2025-10-14,86,110430
Rock,Under Pressure - Remastered 2011,Queen,Hot Space (2011 Remaster),1982-05-03,82,248440
Rock,Dream On,Aerosmith,Aerosmith,1973-01-05,84,267596
Rock,Stop Crying Your Heart Out,Oasis,Heathen Chemistry,2002-02-03,77,303133
Rock,Wish You Were Here,Pink Floyd,Wish You Were Here,1975-09-12,82,338466
Rock,The Chain - 2004 Remaster,Fleetwood Mac,Rumours (Super Deluxe),1977-02-04,87,270213
Rock,Under the Bridge,Red Hot Chili Peppers,Blood Sugar Sex Magik (Deluxe Edition),1991-09-24,85,264306
Rock,The Less I Know The Better,Tame Impala,Currents,2015-07-17,88,216320
Rock,Don't Cry (Original),Guns N' Roses,Use Your Illusion I,1991-09-17,81,283733
Rock,Me Encontra,Charlie Brown Jr.,Camisa 10 joga bola até na chuva,2009-09-16,67,211466
Rock,Don't Stop Me Now - Remastered 2011,Queen,Jazz (2011 Remaster),1978-11-10,83,209413
Rock,Knockin' On Heaven's Door,Guns N' Roses,Use Your Illusion II,1991-09-18,82,336000
Rock,You Shook Me All Night Long,AC/DC,Back In Black,1980-07-25,83,210328
Rock,"Another Brick in the Wall, Pt. 2",Pink Floyd,The Wall,1979-11-30,81,238946
Rock,Dreams - 2004 Remaster,Fleetwood Mac,Rumours (Super Deluxe),1977-02-04,89,257800
Rock,Scar Tissue,Red Hot Chili Peppers,Californication (Deluxe Edition),1999-06-08,86,215906
Rock,Equalize,Pitty,Admirável Chip Novo,2003-04-16,68,232240
Rock,It's My Life,Bon Jovi,Crush,2000-01-01,82,224493
Rock,Paradise City,Guns N' Roses,Appetite For Destruction,1987-07-21,82,405600
Rock,Can't Stop,Red Hot Chili Peppers,By the Way (Deluxe Edition),2002-07-09,86,269000
Rock,Só Por Uma Noite,Charlie Brown Jr.,Bocas Ordinárias,2002-01-01,66,203373
Rock,Codinome Beija-Flor,Cazuza,Exagerado,1985,68,150752
Rock,Até O Fim - Ao Vivo,Engenheiros Do Hawaii,Acústico (Ao Vivo / Deluxe),2004,66,218933
Rock,Só Hoje,Jota Quest,Discotecagem Pop Variada,2002-06-15,66,211360
Rock,Quase Sem Querer,Legião Urbana,Dois,1986-01-01,66,280466
Rock,Sutilmente,Skank,Estandarte,2008,68,242506
Rock,Lágrimas E Chuva - Ao Vivo,Kid Abelha,Acústico (Live),2002,66,254813
Rock,Crawling,Linkin Park,Hybrid Theory (Bonus Edition),2000-10-24,82,208960
Rock,Resposta,Skank,Siderado,1998-06-22,67,243933
Rock,Meu Erro,Os Paralamas Do Sucesso,O Passo Do Lui,1984,67,208626
Rock,Senhor Do Tempo,Charlie Brown Jr.,Imunidade Musical,2005-01-01,67,202826
Rock,Segredos,Frejat,Amor pra Recomeçar,2001-01-01,67,233533
Rock,Quando o sol se for,Detonautas,Detonautas (Nova Versão),2003-01-27,66,209173
Rock,Lanterna Dos Afogados,Os Paralamas Do Sucesso,Big Bang,1989-01-01,68,189533
Rock,Eduardo E Mônica,Legião Urbana,Dois,1986-01-01,68,271440
Rock,Olhos certos,Detonautas,Detonautas (Nova Versão),2003-01-27,66,262586
Rock,One Step Closer,Linkin Park,Hybrid Theory (Bonus Edition),2000-10-24,84,157333
Rock,Pais E Filhos,Legião Urbana,As Quatro Estações,1989,68,308800
Rock,Infinita Highway - Ao Vivo,Engenheiros Do Hawaii,Acústico (Ao Vivo / Deluxe),2004,68,258586
Rock,Pontes Indestrutíveis,Charlie Brown Jr.,"Ritmo, Ritual E Responsa",2007-03-10,68,210666
Rock,Paranoid - 2009 Remaster,Black Sabbath,Paranoid,1970-09-18,81,167720
Rock,Céu Azul - Ao Vivo,Charlie Brown Jr.,Música Popular Caiçara: Edição Luxo (Ao Vivo),2012,68,200071
Rock,Pescador de ilusões,O Rappa,Rappa-Mundi,1996,68,245426
Rock,Primeiros Erros (Chove) (feat. Kiko Zambianchi) - Ao Vivo,Capital Inicial,Acústico Capital Inicial,2000,68,244266
Rock,Vamos Fugir,Skank,Radiola,2004-10-01,67,240133
R&B,MONTAGEM CAMERA LENTA,DJ DUARTE,MONTAGEM CAMERA LENTA,2025-10-10,78,169850
R&B,Até Quebrar a Cama 2.0,cjnobeat,Até Quebrar a Cama 2.0,2025-07-24,78,132170
R&B,Tô na Brasilia com o Zigão,DJ Zigão,Tô na Brasilia com o Zigão,2025-09-08,81,155307
R&B,Como Tudo Deve Ser,Charlie Brown Jr.,100% Charlie Brown Jr - Abalando A Sua Fábrica,2001-01-01,70,273040
R&B,3 Dias Virado,Mc IG,Só Explosão,2017-12-22,71,207157
R&B,FAMOSINHA,Dj Caio Vieira,FAMOSINHA,2025-02-28,85,133384
R&B,Trilogia 150,MC Roger,Trilogia 150,2019-06-14,71,129645
R&B,Penélope Charmosa 2,Boladin 211,Penélope Charmosa 2,2024-09-27,72,171692
R&B,Oh Garota Eu Quero Você Só Pra Mim.,Oruam,Oh Garota Eu Quero Você Só Pra Mim.,2024-12-17,73,166861
R&B,Lugar Ao Sol,Charlie Brown Jr.,100% Charlie Brown Jr - Abalando A Sua Fábrica,2001-01-01,72,212600
R&B,Bandido problemático,Dj Gustomares,Bandido problemático,2025-07-25,73,162461
R&B,Ela Vai Voltar (Todos Os Defeitos De Uma Mulher Perfeita),Charlie Brown Jr.,Imunidade Musical,2005-01-01,71,188200
R&B,Fica De Quatão,DJ Biel Divulga,Fica De Quatão,2025-03-27,74,133615
R&B,Macetada nas do Job,Mc Rodrigo do CN,Macetada nas do Job,2024-06-08,72,162461
R&B,Anjos (Pra quem tem fé),O Rappa,Nunca Tem Fim (Standard),2013-08-15,71,419520
R&B,"SEM FRESCURA SEM PIRRACA, SEM MIMIMI",Mc Rodrigo do CN,"SEM FRESCURA SEM PIRRACA, SEM MIMIMI",2025-09-01,71,112528
R&B,BOA NOITE (CHEGUEI),THEUZZIN,BOA NOITE (CHEGUEI),2025-09-12,74,159777
R&B,Minha alma (A paz que eu não quero),O Rappa,Lado B Lado A,1999-01-01,71,303773
R&B,Senta Poca,MC Meno K,Senta Poca,2025-10-21,72,219230
R&B,Esquadrilha da Fumaça,Mc Jacaré,Esquadrilha da Fumaça,2025-10-24,72,139038
R&B,Meu Carro nao tem Porta Luva - Remastered 2024,DJ NATAN 22,Meu Carro nao tem Porta Luva (Remastered 2024),2024-11-12,74,159999
R&B,Tudo Aconteceu,MC Du Black,Tudo Aconteceu,2020-02-07,72,155124
R&B,Aonde Quer Que Eu Vá,Os Paralamas Do Sucesso,Arquivo II 1991 - 2000,2000-01-01,72,257333
R&B,Descer,Kew,Descer,2025-01-30,76,111653
R&B,Zóio De Lula,Charlie Brown Jr.,"Preço Curto, Prazo Longo",1999-01-05,72,252226
R&B,"Dias De Luta, Dias De Gloria",Charlie Brown Jr.,Imunidade Musical,2005-01-01,71,145466
R&B,Mãe Solteira,DG e Batidão Stronda,Mãe Solteira,2025-03-03,74,144000
R&B,Faz assim,Prod Gomes,Os Dois Lados Da Moeda,2025-08-02,76,149333
R&B,Tempo Perdido,Legião Urbana,Dois,1986-01-01,76,302200
R&B,MTG Perna Bamba X Piranhas do Helipa,Detagaz,MTG Perna Bamba X Piranhas do Helipa,2024-08-16,75,108923
R&B,Cada Vez Mais Gostosa,Dj Tchouzen,Cada Vez Mais Gostosa,2023-04-13,71,133846
R&B,Eu Até Gosto de Você,Mc Jacaré,Eu Até Gosto de Você,2025-04-24,74,149543
R&B,Só Os Loucos Sabem,Charlie Brown Jr.,Camisa 10 joga bola até na chuva,2009-09-16,74,210493
R&B,Pirocada Quente,MC Jvila,Pirocada Quente,2025-01-28,77,195692
R&B,Barbie,MC Tuto,Barbie,2024-10-18,73,192755
R&B,Morena da Bunda Grande,Mc Rodrigo do CN,Morena da Bunda Grande,2025-11-21,31,103846
R&B,Puta É Só um Detalhe,DJ Douglinhas,Puta É Só um Detalhe,2024-10-14,72,158827
R&B,Sequência da Botação,DJ Ryder,Sequência da Botação,2025-03-21,76,145777
R&B,Puto Prostituto,Mc Rodrigo do CN,Puto Prostituto,2025-11-12,35,142900
R&B,MTG NA IMAGINAÇÃO - TOPO SESSIONS VOL. 1,DJ TOPO,MTG NA IMAGINAÇÃO (TOPO SESSIONS VOL. 1),2024-09-13,76,144923
R&B,Construção de Amor,DJ CZ,Construção de Amor,2025-08-01,75,129229
R&B,Fui Mlk,Nilo,Fui Mlk,2024-11-22,77,174110
R&B,Tipo Nino Vs Kabrinha,DJ Biel Divulga,Tipo Nino Vs Kabrinha,2025-05-31,78,201230
R&B,Olha pra Cara de Quem Te...,MC LUUKY,Olha pra Cara de Quem Te...,2025-03-06,75,120916
R&B,OUTRA,tarisiix,OUTRA,2025-04-15,74,128000
R&B,Senta Olhando Pra Mim,DJ Arana,M.B.D.T,2025-06-20,75,119720
R&B,Senta e Cala a Boca,Mc Jacaré,Senta e Cala a Boca,2025-02-04,74,147221
R&B,Teu Preferido,DJ BRIZY,Teu Preferido,2025-05-16,74,136153
R&B,VAI NO CHÃO BANDIDA,Dj Guuh,VAI NO CHÃO BANDIDA,2024-10-15,77,140307
R&B,Encosta na Parede,Mc Pedrinho,Encosta na Parede,2025-03-07,74,131822
R&B,O BUENO É O CACIQUE x VAI TOMAR FLECHADA,Dj Tchouzen,O BUENO É O CACIQUE x VAI TOMAR FLECHADA,2025-08-18,70,117230
R&B,Equalize,Pitty,Admirável Chip Novo,2003-04-16,68,232240
R&B,Tua Ex É uma Delícia,Anderson Neiff,Tua Ex É uma Delícia,2024-12-23,71,197425
R&B,Codinome Beija-Flor,Cazuza,Exagerado,1985,68,150752
R&B,Um Minuto Para O Fim Do Mundo,CPM 22,Felicidade Instantânea,2005-01-01,68,198000
R&B,Pais E Filhos,Legião Urbana,As Quatro Estações,1989,68,308800
R&B,Meu Novo Mundo,Charlie Brown Jr.,La Familia 013,2013-10-08,69,207053
R&B,Epitáfio,Titãs,A Melhor Banda De Todos Os Tempos Da Última Semana,2001-04-04,69,175373
R&B,Ela É do Tipo,MC Kevin o Chris,Ela É do Tipo,2019-03-07,70,204930
R&B,Lanterna Dos Afogados,Os Paralamas Do Sucesso,Big Bang,1989-01-01,68,189533
R&B,Fazer Falta,Mc Livinho,Fazer Falta,2017-05-25,68,210960
R&B,Sutilmente,Skank,Estandarte,2008,68,242506
R&B,Tipo Nino Abravanel,DJ Gouveia,Tipo Nino Abravanel,2025-01-23,70,131076
R&B,Metamorfose Ambulante,Raul Seixas,"""Krig-Ha, Bandolo""",1973-01-01,69,231240
R&B,Cavalo de Tróia,Mc Kevin,Cavalo de Tróia,2018-12-06,69,162066
R&B,Montagem Sarra Sarra,Mc RN Original,Montagem Sarra Sarra,2025-11-05,71,107855
R&B,Infinita Highway - Ao Vivo,Engenheiros Do Hawaii,Acústico (Ao Vivo / Deluxe),2004,68,258586
R&B,Eduardo E Mônica,Legião Urbana,Dois,1986-01-01,68,271440
R&B,Meu Erro,Os Paralamas Do Sucesso,O Passo Do Lui,1984,67,208626
R&B,Pontes Indestrutíveis,Charlie Brown Jr.,"Ritmo, Ritual E Responsa",2007-03-10,68,210666
R&B,A Cera,O Surto,Todo Mundo Doido,2000-07-03,69,227373
R&B,Segredos,Frejat,Amor pra Recomeçar,2001-01-01,67,233533
R&B,Tipo Insta do Buzeira,Jhow,Tipo Insta do Buzeira,2025-07-10,70,101514
R&B,Toma Botada,Eo Chapa,Toma Botada,2025-08-14,69,132000
R&B,Vem No Galope,AG031,Vem No Galope,2025-04-11,68,90771
R&B,Terapia,Mc Jacaré,Terapia,2025-09-26,68,134769
R&B,Exagerado,Cazuza,Exagerado,1985,69,222696
R&B,Ele Carrega Minha Bolsa,dj andreoli,Ele Carrega Minha Bolsa,2025-09-02,70,133370
R&B,Mulher de fases,Raimundos,Só No Forevis,1999,69,213333
R&B,Pescador de ilusões,O Rappa,Rappa-Mundi,1996,68,245426
R&B,Chapa Máxima,Boladin 211,Chapa Máxima,2024-12-05,68,151384
R&B,Deixa Eu Mandar Meu Passinho,Dj Aguilar,Direto do Alto Vol 1,2025-02-14,69,112907
R&B,Rabetão De Terremoto,DJ CZ,Rabetão De Terremoto,2025-03-21,69,107076
R&B,SENTA POCA (POSSO ATÉ NÃO TE DAR FLORES),Dj Luan Gomes,SENTA POCA (POSSO ATÉ NÃO TE DAR FLORES),2025-10-20,70,96000
R&B,Observando Essa Salada,MC Cebezinho,Observando Essa Salada,2025-01-22,70,181644
R&B,Se Essa Bunda For Uma Empresa,Chefin,Se Essa Bunda For Uma Empresa,2025-02-18,70,162461
R&B,Terapia,Mc Jacaré,De Norte a Sul,2025-11-21,42,134769
R&B,Céu Azul,Charlie Brown Jr.,Música Popular Caiçara: Edição Luxo (Ao Vivo),2012,70,198786
R&B,Amantes da Foda,Mc Rodrigo do CN,Amantes da Foda,2022-03-25,70,81230
R&B,Malvadinho,MC LUUKY,Malvadinho,2024-11-01,69,120115
R&B,Céu Azul - Ao Vivo,Charlie Brown Jr.,Música Popular Caiçara: Edição Luxo (Ao Vivo),2012,68,200071
R&B,Luz do Dia,MC Tuto,Luz do Dia,2025-11-21,33,159416
R&B,Gaiola É o Troco,MC Du Black,Gaiola É o Troco,2019-06-07,71,187245
R&B,Primeiros Erros (Chove) (feat. Kiko Zambianchi) - Ao Vivo,Capital Inicial,Acústico Capital Inicial,2000,68,244266
R&B,Será,Legião Urbana,Legião Urbana,1985-01-01,69,150466
R&B,Ela Quer Sentar Pros Maloka,cjnobeat,Ela Quer Sentar Pros Maloka,2025-07-01,68,136442
R&B,Esquadrilha da Fumaça,Mc Jacaré,De Norte a Sul,2025-11-21,43,139038
R&B,Senta e Cala a Boca,Mc Jacaré,De Norte a Sul,2025-11-21,47,147221
R&B,Eu Até Gosto de Você,Mc Jacaré,De Norte a Sul,2025-11-21,48,149543
R&B,Rebolando,Kew,Rebolando,2025-04-30,72,106685
Dance/Electronic,L'Amour Toujours,Gigi D'Agostino,L'Amour Toujours,2001-05-23,77,242053
Dance/Electronic,Don't Say Goodbye (feat. Tove Lo),Alok,Don't Say Goodbye (feat. Tove Lo),2020-09-25,65,186583
Dance/Electronic,Roses - Imanbek Remix,SAINt JHN,Roses (Imanbek Remix),2019-10-09,75,176840
Dance/Electronic,Play Hard (feat. Ne-Yo & Akon),David Guetta,Nothing but the Beat (Ultimate Edition),2012-12-07,76,201000
Dance/Electronic,The Business,Tiësto,The Business,2020-09-16,74,164000
Dance/Electronic,When Love Takes Over (feat. Kelly Rowland),David Guetta,One More Love,2010-11-22,75,191000
Dance/Electronic,Thank You (Not So Bad),Dimitri Vegas & Like Mike,Thank You (Not So Bad),2023-12-01,83,140000
Dance/Electronic,Do It To It,ACRAZE,Do It To It,2021-08-20,75,157890
Dance/Electronic,Sugar (feat. Francesco Yates),Robin Schulz,Sugar,2015-09-25,79,219043
Dance/Electronic,In My Mind,Dynoro,In My Mind,2018-06-08,78,184560
Dance/Electronic,Happy Nation,Ace of Base,Happy Nation,1992-11-16,75,255413
Dance/Electronic,No Broke Boys,Disco Lines,No Broke Boys,2025-06-06,93,163994
Dance/Electronic,Blessings,Calvin Harris,Blessings,2025-05-09,84,219650
Dance/Electronic,Lay Low,Tiësto,Lay Low,2023-01-06,72,153442
Dance/Electronic,You Give Me A Feeling,Vintage Culture,You Give Me A Feeling,2021-11-12,68,185896
Dance/Electronic,Love Tonight (David Guetta Remix Edit),Shouse,Love Tonight (David Guetta Remix),2021-06-11,75,158095
Dance/Electronic,Belly Dancer,Imanbek,Belly Dancer,2022-02-18,76,151475
Dance/Electronic,This Girl (Kungs Vs. Cookin' On 3 Burners),Kungs,Layers,2016-11-04,78,195546
Dance/Electronic,Goosebumps - Remix,Travis Scott,Goosebumps (Remix),2021-01-15,74,162802
Dance/Electronic,Prayer in C - Robin Schulz Radio Edit,Lilly Wood and The Prick,Prayer in C,2014-05-16,76,189413
Dance/Electronic,Make Me Feel,oskar med k,Make Me Feel,2025-06-20,85,186240
Dance/Electronic,Waves - Robin Schulz Radio Edit,Mr. Probz,Waves (Robin Schulz Radio Edit),2014-02-07,78,208133
Dance/Electronic,Titanium (feat. Sia),David Guetta,Nothing but the Beat (Ultimate Edition),2012-12-07,83,245040
Dance/Electronic,There Is a Light That Never Goes Out - 2011 Remaster,The Smiths,The Queen Is Dead,1986-06-16,84,244586
Dance/Electronic,I'm Good (Blue),David Guetta,I'm Good (Blue),2022-08-26,85,175238
Dance/Electronic,Beautiful People,David Guetta,Beautiful People,2025-03-07,81,187086
Dance/Electronic,It Feels So Good,Matt Sassari,It Feels So Good,2024-11-01,79,160973
Dance/Electronic,The Nights,Avicii,The Days / Nights,2014-01-01,84,176658
Dance/Electronic,Hear Me Now,Alok,Hear Me Now (feat. Zeeba),2016-10-21,77,194840
Dance/Electronic,Outside (feat. Ellie Goulding),Calvin Harris,Motion,2014-10-31,86,227266
Dance/Electronic,Jungle,Alok,Jungle,2023-09-22,70,175500
Dance/Electronic,Baby Don't Hurt Me,David Guetta,Baby Don't Hurt Me,2023-04-06,78,140017
Dance/Electronic,Desire,Ian Asher,Desire,2025-07-25,81,158840
Dance/Electronic,Memories (feat. Kid Cudi),David Guetta,One More Love,2010-11-22,82,210093
Dance/Electronic,Hey Brother,Avicii,True,2013-09-16,79,255093
Dance/Electronic,Black Friday (pretty like the sun),Lost Frequencies,Black Friday (pretty like the sun),2024-07-19,82,145599
Dance/Electronic,Don't You Worry Child - Radio Edit,Swedish House Mafia,Don't You Worry Child,2012-09-14,82,212862
Dance/Electronic,Without You (feat. Usher),David Guetta,Nothing but the Beat (Ultimate Edition),2012-12-07,78,208133
Dance/Electronic,The Sound of Silence - CYRIL Remix,Disturbed,The Sound of Silence (CYRIL Remix),2024-02-02,81,185238
Dance/Electronic,You & Me - Rivo Remix,Disclosure,You & Me (Rivo Remix),2023-12-22,80,208524
Dance/Electronic,I Will Find,Vintage Culture,I Will Find,2018-09-28,68,224733
Dance/Electronic,Feel So Close - Radio Edit,Calvin Harris,18 Months,2012-10-29,81,206413
Dance/Electronic,Blame (feat. John Newman),Calvin Harris,Motion,2014-10-31,81,212960
Dance/Electronic,Waiting For Love,Avicii,Stories,2015-10-02,82,230613
Dance/Electronic,Are You With Me,Lost Frequencies,Less Is More,2016-10-21,79,138013
Dance/Electronic,Slow Down (feat. Jorja Smith) - Vintage Culture & Slow Motion Remix,Maverick Sabre,Slow Down (feat. Jorja Smith) [Vintage Culture & Slow Motion Remix],2020-04-03,70,181306
Dance/Electronic,Piece Of Your Heart - Alok Remix,MEDUZA,Piece Of Your Heart (Alok Remix),2019-06-07,70,166451
Dance/Electronic,Sexy Bitch (feat. Akon),David Guetta,One More Love,2010-11-22,80,195853
Dance/Electronic,Summer,Calvin Harris,Motion,2014-10-31,82,222533
Dance/Electronic,"What Is Love - 7"" Mix",Haddaway,The Album,1993-09-13,82,270373
Dance/Electronic,Friday (feat. Mufasa & Hypeman) - Dopamine Re-Edit,Riton,Friday (feat. Mufasa & Hypeman) [Dopamine Re-Edit],2021-01-15,77,169153
Dance/Electronic,No Bad Vibes,Jazzy,No Bad Vibes,2024-10-18,78,162100
Dance/Electronic,Freed From Desire,Gala,Come Into My Life (The Album),1997-11-17,78,213394
Dance/Electronic,Wait So Long (Why Do I Have To),Swedish House Mafia,Wait So Long (Why Do I Have To),2025-06-20,77,199479
Dance/Electronic,The Rhythm of the Night,Corona,The Rhythm of the Night,1994,73,264280
Dance/Electronic,Under Control (feat. Hurts),Calvin Harris,Motion,2014-10-31,73,184280
Dance/Electronic,Lovers on the Sun (feat. Sam Martin),David Guetta,Listen,2014-11-10,74,203520
Dance/Electronic,My Way,Calvin Harris,My Way,2016-09-16,74,219159
Dance/Electronic,Live Forever,Oasis,Definitely Maybe,1994-08-29,70,276866
Dance/Electronic,Losing It,FISHER,Losing It,2018-07-13,73,248035
Dance/Electronic,Head & Heart (feat. MNEK),Joel Corry,Head & Heart (feat. MNEK),2020-07-03,75,166028
Dance/Electronic,Supersonic - Remastered,Oasis,Definitely Maybe (Remastered),1994-08-29,68,283786
Dance/Electronic,Dreams (Will Come Alive),2 Brothers On The 4th Floor,Dreams,1994-01-01,68,264000
Dance/Electronic,Runaway (U & I),Galantis,Pharmacy,2015-06-05,76,227073
Dance/Electronic,Ride It,Regard,Ride It,2019-07-26,76,157605
Dance/Electronic,Where Are Ü Now (with Justin Bieber),Jack Ü,Skrillex and Diplo present Jack Ü,2015-02-24,76,250285
Dance/Electronic,Summertime Sadness (Lana Del Rey Vs. Cedric Gervais) - Cedric Gervais Remix,Lana Del Rey,Summertime Sadness (Lana Del Rey Vs. Cedric Gervais) [Cedric Gervais Remix],2013-02-01,75,214912
Dance/Electronic,This Charming Man - 2011 Remaster,The Smiths,The Smiths,1984-02-20,79,162920
Dance/Electronic,Piece Of Your Heart,MEDUZA,Piece Of Your Heart,2019-02-01,68,152913
Dance/Electronic,Sweet Nothing (feat. Florence Welch),Calvin Harris,18 Months,2012-10-29,78,212560
Dance/Electronic,Angel,Massive Attack,Mezzanine,1998-01-01,79,379533
Dance/Electronic,Innerbloom - Radio Edit,RÜFÜS DU SOL,Innerbloom (Radio Edit),2016-09-30,70,238067
Dance/Electronic,Rasputin,Majestic,Rasputin,2021-02-26,78,186209
Dance/Electronic,"Better Off (Alone, Pt. III)",Alan Walker,Walkerworld,2023-11-10,77,151702
Dance/Electronic,LET'S GET FKD UP,Alok,LET'S GET FKD UP (feat. Tribbs),2023-11-17,76,121500
Dance/Electronic,Lean On (feat. MØ & DJ Snake),Major Lazer,Peace Is the Mission,2015-06-01,73,176561
Dance/Electronic,Forever (feat. Malou & Yuna),HUGEL,Forever (feat. Malou & Yuna),2024-09-20,69,140500
Dance/Electronic,Your Love (9PM),ATB,Your Love (9PM),2021-01-15,73,150052
Dance/Electronic,Stumblin' In,CYRIL,Stumblin' In,2023-11-10,81,213363
Dance/Electronic,Weak,Vintage Culture,Weak,2024-01-19,66,202560
Dance/Electronic,One More Time,Daft Punk,Discovery,2001-03-12,81,320357
Dance/Electronic,Alors On Danse - DubDogz Remix,Stromae,Alors On Danse (DubDogz Remix),2019-05-03,69,168576
Dance/Electronic,Lose Control,MEDUZA,Lose Control,2019-10-11,70,168387
Dance/Electronic,Better Off Alone,Alice Deejay,Who Needs Guitars Anyway?,2000-10-01,80,214883
Dance/Electronic,All Around The World (La La La),R3HAB,All Around The World (La La La),2019-04-05,70,147840
Dance/Electronic,All That She Wants,Ace of Base,The Sign,1993-12-24,80,211213
Dance/Electronic,Ascend,Dezko,Ascend,2023-06-09,73,200156
Dance/Electronic,Oi Oi Oi,Dubdogz,Oi Oi Oi,2023-02-10,59,137952
Dance/Electronic,Black Out Days (Stay Away),Ian Asher,Black Out Days (Stay Away),2025-08-15,80,172661
Dance/Electronic,Firestone,Kygo,Cloud Nine,2016-05-13,77,271634
Dance/Electronic,How Deep Is Your Love,Calvin Harris,How Deep Is Your Love,2015-07-17,76,212495
Dance/Electronic,On My Knees,RÜFÜS DU SOL,Surrender,2021-10-21,74,261001
Dance/Electronic,More Than You Know,Axwell /\ Ingrosso,More Than You Know,2017-07-28,79,203000
Dance/Electronic,It's Not Right But It's Okay,Mr. Belt & Wezol,It's Not Right But It's Okay,2024-02-23,79,152304
Dance/Electronic,I Don't Wanna Wait,David Guetta,I Don't Wanna Wait,2024-04-05,81,149667
Dance/Electronic,Move Your Body,Öwnboss,Move Your Body,2021-10-29,73,157444
Dance/Electronic,Car Keys (Ayla),Alok,Car Keys (Ayla),2023-06-30,66,147238
Dance/Electronic,Piece Of Your Heart,MEDUZA,MEDUZA,2023-10-13,67,152913
Dance/Electronic,Weak,Vintage Culture,Promised Land,2024-05-24,66,202560
Dance/Electronic,Lean On (feat. MØ & DJ Snake),Major Lazer,Peace Is The Mission : Extended,2015-11-27,70,176561
Indie,undressed,sombr,undressed,2025-03-21,84,182088
Indie,Bitter Sweet Symphony - Remastered 2016,The Verve,Urban Hymns (Remastered 2016),1997-09-29,84,357266
Indie,Sienna,The Marías,Submarine,2024-05-31,88,224840
Indie,Take on Me,a-ha,Hunting High and Low,1985-06-01,87,225280
Indie,Space Song,Beach House,Depression Cherry,2015-08-28,74,320466
Indie,Heart-Shaped Box,Nirvana,In Utero (Deluxe Edition),1993-09-21,82,281160
Indie,Man in the Box,Alice In Chains,Facelift,1990-08-01,79,285200
Indie,Smells Like Teen Spirit,Nirvana,Nevermind (Remastered),1991-09-26,85,301920
Indie,Anchor,Novo Amor,Bathing Beach,2017-05-26,81,257533
Indie,Don't You (Forget About Me),Simple Minds,Once Upon A Time,2025-01-27,74,261239
Indie,Chamber Of Reflection,Mac DeMarco,Salad Days,2014-04-01,83,231723
Indie,There Is a Light That Never Goes Out - 2011 Remaster,The Smiths,The Queen Is Dead,1986-06-16,84,244586
Indie,Come Undone,Duran Duran,Duran Duran,1993-02-15,77,256519
Indie,Borderline,Tame Impala,The Slow Rush,2020-02-14,85,237800
Indie,No One Noticed,The Marías,Submarine,2024-05-31,90,236906
Indie,For the First Time,Mac DeMarco,This Old Dog,2017-05-05,83,182306
Indie,Do I Wanna Know?,Arctic Monkeys,AM,2013-09-09,87,272394
Indie,No. 1 Party Anthem,Arctic Monkeys,AM,2013-09-09,87,243131
Indie,End of Beginning,Djo,DECIDE,2022-09-16,90,159245
Indie,Heart To Heart,Mac DeMarco,Here Comes The Cowboy,2019-05-10,83,211140
Indie,the perfect pair,beabadoobee,Beatopia,2022-07-15,83,177533
Indie,Freaks,Surf Curse,Freaks,2021-05-15,84,147062
Indie,Be Yourself,Audioslave,Out of Exile,2005-01-01,73,278973
Indie,Notion,The Rare Occasions,Notion,2021-12-02,83,195120
Indie,Don't Look Back in Anger - Remastered,Oasis,(What's The Story) Morning Glory? [Remastered],1995-10-02,77,289560
Indie,R U Mine?,Arctic Monkeys,AM,2013-09-09,81,201726
Indie,Not Allowed,TV Girl,Who Really Cares,2016-02-25,83,167864
Indie,Come As You Are,Nirvana,Nevermind (Remastered),1991-09-26,83,218920
Indie,Softcore,The Neighbourhood,Hard To Imagine The Neighbourhood Ever Changing,2018-11-02,86,206280
Indie,Boys Don't Cry,The Cure,Three Imaginary Boys,1979-05-11,79,155973
Indie,Blue Hair,TV Girl,Death of a Party Girl,2018-05-08,83,217000
Indie,I Love You So,The Walters,I Love You So,2014-11-28,87,160239
Indie,Alive,Pearl Jam,Ten,1991-08-27,76,340974
Indie,Apocalypse,Cigarettes After Sex,Cigarettes After Sex,2017-06-09,90,290146
Indie,Cigarettes out the Window,TV Girl,Who Really Cares,2016-02-25,85,198960
Indie,Stop Crying Your Heart Out,Oasis,Heathen Chemistry,2002-02-03,77,303133
Indie,Even Flow,Pearl Jam,Ten,1991-08-27,81,292579
Indie,Why'd You Only Call Me When You're High?,Arctic Monkeys,AM,2013-09-09,85,161123
Indie,Reflections,The Neighbourhood,Hard To Imagine The Neighbourhood Ever Changing,2018-11-02,84,244013
Indie,Ordinary World,Duran Duran,Duran Duran,1993-02-15,80,340200
Indie,PIXELATED KISSES,Joji,PIXELATED KISSES,2025-10-14,86,110430
Indie,Black,Pearl Jam,Ten,1991-08-27,81,342653
Indie,505,Arctic Monkeys,Favourite Worst Nightmare,2007-04-22,86,253586
Indie,The Less I Know The Better,Tame Impala,Currents,2015-07-17,88,216320
Indie,Last Kiss,Pearl Jam,Last Kiss,1999,74,195466
Indie,Daddy Issues,The Neighbourhood,Wiped Out!,2015-10-30,86,260163
Indie,Everybody Wants To Rule The World,Tears For Fears,Songs From The Big Chair (Super Deluxe Edition),1985-02-25,88,251488
Indie,undressed,sombr,I Barely Know Her,2025-08-22,88,182088
Indie,Lovers Rock,TV Girl,French Exit,2014-06-05,87,213920
Indie,Wonderwall - Remastered,Oasis,(What's The Story) Morning Glory? [Remastered],1995-10-02,80,258773
Indie,Let It Happen,Tame Impala,Currents,2015-07-17,83,467586
Indie,"New Person, Same Old Mistakes",Tame Impala,Currents,2015-07-17,83,363240
Indie,Little Dark Age,MGMT,Little Dark Age,2018-02-09,79,299933
Indie,Yellow Ledbetter,Pearl Jam,Jeremy,1991,74,303586
Indie,Zombie,The Neighbourhood,(((((ultraSOUND))))),2025-11-14,66,193440
Indie,Would? (2022 Remaster),Alice In Chains,Dirt (2022 Remaster),1992-09-29,77,206773
Indie,Young,Vacations,Vibes,2016,78,189160
Indie,Daisy Chain,The Neighbourhood,(((((ultraSOUND))))),2025-11-14,65,206186
Indie,Fluorescent Adolescent,Arctic Monkeys,Favourite Worst Nightmare,2007-04-22,77,183893
Indie,Rabbit,The Neighbourhood,(((((ultraSOUND))))),2025-11-14,66,299333
Indie,Planet,The Neighbourhood,(((((ultraSOUND))))),2025-11-14,69,241386
Indie,Hula Girl,The Neighbourhood,(((((ultraSOUND))))),2025-11-14,73,244973
Indie,K.,Cigarettes After Sex,Cigarettes After Sex,2017-06-09,85,319560
Indie,Stupid Boy,The Neighbourhood,(((((ultraSOUND))))),2025-11-14,64,272666
Indie,Nervous,The Neighbourhood,Hard To Imagine The Neighbourhood Ever Changing,2018-11-02,76,245000
Indie,Plush,Stone Temple Pilots,Core,1992-09-29,68,310346
Indie,The Promise,When In Rome,When In Rome,1988-01-01,72,220960
Indie,Holy Ghost,The Neighbourhood,(((((ultraSOUND))))),2025-11-14,68,269586
Indie,State Lines,Novo Amor,Birthplace,2018-10-19,75,208653
Indie,Nothing's Gonna Hurt You Baby,Cigarettes After Sex,I.,2012-07-21,83,286293
Indie,Sweet Heat Lightning,Gregory Alan Isakov,Appaloosa Bones,2023-08-18,77,286120
Indie,Lithium,Nirvana,Nevermind (Remastered),1991-09-26,74,257053
Indie,Psycho Killer,Talking Heads,Talking Heads '77,1977-09-16,80,260506
Indie,The Man Who Sold The World - Live,Nirvana,MTV Unplugged In New York,1994-11-01,79,261093
Indie,Black Hole Sun,Soundgarden,Superunknown (Deluxe Edition),1994-03-09,82,318586
Indie,Save a Prayer - 2009 Remaster,Duran Duran,Rio (Collector's Edition),1982-05-10,70,333306
Indie,Jeremy,Pearl Jam,Ten,1991-08-27,72,318226
Indie,Sunsetz,Cigarettes After Sex,Cigarettes After Sex,2017-06-09,85,214680
Indie,Telephones,Vacations,Changes,2018,81,212432
Indie,Jealous,Eyedress,Jealous,2019-12-06,77,122338
Indie,You Get Me So High,The Neighbourhood,Hard To Imagine The Neighbourhood Ever Changing,2018-11-02,82,153000
Indie,Friday I'm In Love,The Cure,Wish,1992-01-01,79,215160
Indie,Shout,Tears For Fears,Songs From The Big Chair,1985-02-25,76,393666
Indie,Coastline,Hollow Coves,Wanderlust,2017-03-17,77,233973
Indie,Snap Out Of It,Arctic Monkeys,AM,2013-09-09,79,193030
Indie,Take Me Out,Franz Ferdinand,Franz Ferdinand,2004-02-16,84,237026
Indie,OMG,The Neighbourhood,(((((ultraSOUND))))),2025-11-14,67,182946
Indie,My Kind of Woman,Mac DeMarco,2,2012-10-16,83,190845
Indie,You Are the Right One,Sports,Naked All the Time,2015-07-24,74,172506
Indie,Something About You,Eyedress,Mulholland Drive,2021-08-27,79,153312
Indie,Heaven Knows I'm Miserable Now - 2011 Remaster,The Smiths,Hatful of Hollow,1984,80,215760
Indie,Crushed,The Neighbourhood,(((((ultraSOUND))))),2025-11-14,63,197706
Indie,Tides,The Neighbourhood,(((((ultraSOUND))))),2025-11-14,65,256440
Indie,Tek It,Cafuné,Running,2021-07-20,81,191823
Indie,Mute,The Neighbourhood,(((((ultraSOUND))))),2025-11-14,63,191773
Indie,Lil Ol Me,The Neighbourhood,(((((ultraSOUND))))),2025-11-14,66,207400
Indie,Mama Drama,The Neighbourhood,(((((ultraSOUND))))),2025-11-14,64,230773
Indie,Lovebomb,The Neighbourhood,(((((ultraSOUND))))),2025-11-14,68,200280
Indie,Enjoy the Silence,Depeche Mode,"Violator | The 12"" Singles",2022-04-01,77,257630
Indie,Private,The Neighbourhood,(((((ultraSOUND))))),2025-11-14,70,229386
Jazz,"Theme From New York, New York - 2008 Remastered",Frank Sinatra,Nothing But The Best (2008 Remastered),2008-05-13,70,204906
Jazz,Fly Me To The Moon - 2008 Remastered,Frank Sinatra,Nothing But The Best (2008 Remastered),2008-05-13,67,147520
Jazz,I Believe to My Soul,Ray Charles,The Genius Sings the Blues,1961,68,181373
Jazz,ELA SE JOGA - DANCEHALL REMIX,DJ Thiago Martins,ELA SE JOGA (DANCEHALL REMIX),2025-07-30,48,145906
Jazz,Do Pau Miudo Não - Pagode Baiano,Tinno Flow,Do Pau Miudo Não,2025-04-30,48,215769
Jazz,L-O-V-E,Nat King Cole,L-O-V-E,1965-01-11,74,155306
Jazz,Hit the Road Jack,Ray Charles,Soul,2021-06-04,69,119880
Jazz,Mas Que Nada - 2011 Rio Version,Sérgio Mendes,Rio: Music From The Motion Picture (International Version),2011-01-01,62,164200
Jazz,Samba De Uma Nota Só,Antônio Carlos Jobim,Inédito,2007-06-20,56,180040
Jazz,Ben - Single Version,Michael Jackson,Ben,1972-08-04,60,165160
Jazz,Chega De Saudade,Antônio Carlos Jobim,Inédito,2007-06-20,53,233200
Jazz,Those Sweet Words,Norah Jones,Feels Like Home,2004-01-01,67,202640
Jazz,Que mapa?,Arthur Verocai,Arthur Verocai,1972,53,162720
Jazz,Unforgettable,Nat King Cole,Unforgettable,1954-01-01,72,191973
Jazz,Fraquinha,O Kannalha,Eu Tenho a Senha,2021-06-04,51,136421
Jazz,What A Wonderful World,Louis Armstrong,What A Wonderful World,1968-01-01,77,139226
Jazz,Seven Nation Army - Remasterisée,Ben L'Oncle Soul,Ben L'Oncle Soul,2010-01-01,55,177853
Jazz,Just the Two of Us,"Grover Washington, Jr.",Winelight,1980,69,443773
Jazz,Wave,Antônio Carlos Jobim,Wave,1967-06-15,63,176906
Jazz,O BAIANO TEM O MOLHO,O Kannalha,O Molho Do Maridão,2025-02-21,59,129933
Jazz,I Put A Spell On You,Nina Simone,I Put A Spell On You,1965-06-01,70,155026
Jazz,The Girl From Ipanema,Stan Getz,Getz/Gilberto (Expanded Edition),1964-03-01,69,320253
Jazz,I've Got a Woman,Ray Charles,"Ray Charles (aka: Hallelujah, I Love Her So)",1957-01-01,69,171466
Jazz,Pela Luz dos Olhos Teus - Bonus Track,Miúcha,Miucha & Tom Jobim Vol. 1,1977-07-15,65,164160
Jazz,Naipe Baiano,Oh Polêmico,Naipe Baiano,2024-09-10,50,259466
Jazz,At Last,Etta James,At Last!,1960,77,179693
Jazz,I'd Rather Go Blind,Etta James,Tell Mama,1968-04-18,77,156653
Jazz,The Thrill Is Gone,B.B. King,Completely Well,1969-12-05,67,324733
Jazz,Na boca do sol,Arthur Verocai,Arthur Verocai,1972,56,179973
Jazz,I Say a Little Prayer,Aretha Franklin,Aretha Now,1968-06-14,77,216773
Jazz,Água de Beber,Astrud Gilberto,The Astrud Gilberto Album,1965-01-01,66,138013
Jazz,Seven Days in Sunny June,Jamiroquai,Dynamite,2005-06-15,71,237866
Jazz,Dedicada a ela,Arthur Verocai,Arthur Verocai,1972,56,213426
Jazz,Traficante de Desejos,O Kannalha,Século Kannalha 777,2022-04-08,55,202553
Jazz,The Girl From Ipanema,Antônio Carlos Jobim,Sinatra/Jobim: The Complete Reprise Recordings,1967-03,66,200360
Jazz,Triste,Elis Regina,Elis & Tom,1974-06-17,58,162368
Jazz,O Barquinho,Nara Leão,Obras-Primas,1996-01-01,56,187093
Jazz,Feeling Good,Nina Simone,I Put A Spell On You,1965-06-01,75,174000
Jazz,Corcovado (Quiet Nights Of Quiet Stars),Stan Getz,Getz/Gilberto (Expanded Edition),1964-03-01,66,256560
Jazz,Stormy Weather,Etta James,At Last!,1960,71,187666
Jazz,Só Tinha De Ser Com Você,Elis Regina,Elis & Tom,1974-06-17,62,233015
Jazz,La vie en rose - Single Version,Louis Armstrong,Satchmo Serenades,1952-04-01,72,203760
Jazz,Rehab,Amy Winehouse,Back To Black (Deluxe Edition),2006,73,214946
Jazz,Chega De Saudade - Ultimate Mix,João Gilberto,Chega de Saudade,2022-06-18,54,123333
Jazz,Tears Dry On Their Own,Amy Winehouse,Back To Black (Deluxe Edition),2006,73,186440
Jazz,ELA PAROU NA POSIÇÃO,Mc Rd,ELA PAROU NA POSIÇÃO,2025-07-25,53,132061
Jazz,Virtual Insanity - Remastered 2006,Jamiroquai,Driving Songs,2005-01-01,76,229360
Jazz,Tell Me Why,Gotts Street Park,On The Inside,2023-10-13,74,231560
Jazz,Fly Me To The Moon (In Other Words),Frank Sinatra,Sinatra/Basie: The Complete Reprise Studio Recordings,1962-12-10,74,147000
Jazz,Hit the Road Jack,Ray Charles,True Genius,2021-09-10,74,119880
Jazz,Magalenha,Sérgio Mendes,Brasileiro,1992-06-17,71,216933
Jazz,No One's Watching Me (feat. Olivia Dean),Ezra Collective,"Dance, No One's Watching",2024-09-27,74,262306
Jazz,A Sunday Kind Of Love,Etta James,At Last!,1960,71,196133
Jazz,My One And Only Love,John Coltrane,John Coltrane And Johnny Hartman,1963-01-01,67,295240
Jazz,Just the Two of Us (feat. Bill Withers),"Grover Washington, Jr.",Anthology,1985,73,438493
Jazz,You Get To Me,Foy Vance,From Muscle Shoals,2019-06-28,58,240637
Jazz,Cheek To Cheek,Ella Fitzgerald,The Complete Ella And Louis On Verve,1997-05-20,63,354533
Jazz,To Zion (feat. Carlos Santana),Ms. Lauryn Hill,The Miseducation of Lauryn Hill,1998-08-25,63,369293
Jazz,I Fall In Love Too Easily,Chet Baker,Chet Baker Sings,1956,69,201440
Jazz,The Look Of Love,Diana Krall,The Look Of Love,2001-01-01,64,282000
Jazz,Spooky,Dusty Springfield,Dusty... Definitely (Expanded Edtion),1968-11-22,71,164173
Jazz,Solitude,Billie Holiday,Solitude,1956-01-01,67,207600
Jazz,Cosmic Girl - Remastered 2013,Jamiroquai,Travelling Without Moving (Remastered),1996-09-09,71,244146
Jazz,Take Five,The Dave Brubeck Quartet,Time Out,1959-12-14,71,328831
Jazz,La vie en rose,Zaz,Recto verso (Edition Collector),2013-05-10,62,231106
Jazz,In A Sentimental Mood,Duke Ellington,Duke Ellington & John Coltrane,1963-02,69,255226
Jazz,Just The Way You Are,Diana Krall,Live In Paris,2002-01-01,61,300520
Jazz,The Thrill Is Gone,B.B. King,Deuces Wild,1997-11-04,62,301133
Jazz,Fly Me To The Moon,Astrud Gilberto,The Shadow Of Your Smile,1965-05-22,64,142533
Jazz,Something's Got A Hold On Me,Etta James,Heart & Soul: A Retrospective,2011-10-18,68,169746
Jazz,Dream A Little Dream Of Me - Single Version,Ella Fitzgerald,"Love, Ella",2007-05-03,66,185160
Jazz,Luiza,Antônio Carlos Jobim,Passarim,1987-01-01,46,151840
Jazz,Ain't No Sunshine,Lighthouse Family,Greatest Hits,2002-01-01,59,221333
Jazz,I'll Be Seeing You,Billie Holiday,Billie Holiday,1957-01-01,70,211533
Jazz,Fotografia,Elis Regina,Elis & Tom,1974-06-17,54,169049
Jazz,Manha de Carnaval,João Donato,The New Sound of Brazil,1965,58,191122
Jazz,Mas Que Nada,Sergio Mendes & Brasil '66,Herb Alpert Presents Sergio Mendes & Brasil '66,1966-08-01,61,158773
Jazz,Só Danço Samba,Stan Getz,Jazz Samba Encore!,1963,63,216226
Jazz,"It's A Man's, Man's, Man's World",James Brown & The Famous Flames,It's A Man's Man's Man's World,1966-08-01,67,167373
Jazz,Para Machuchar Meu Coracao,Stan Getz,Getz/Gilberto (Expanded Edition),1964-03-01,60,307253
Jazz,Aquarela do Brasil (Participação especial de Gilberto Gil e Caetano Veloso),João Gilberto,Mestres da Mpb,1992-01-01,57,391866
Jazz,Trouble Sleeping,Corinne Bailey Rae,Corinne Bailey Rae,2006-01-01,59,208733
Jazz,My Baby Just Cares For Me,Nina Simone,Sinnerman,1965-10-01,66,215039
Jazz,Dream A Little Dream Of Me,Louis Armstrong,What A Wonderful World,1968-01-01,68,196840
Jazz,Blue Moon,Billie Holiday,Solitude,1956-01-01,68,207826
Jazz,deep in it,berlioz,deep in it,2023-03-10,71,154862
Jazz,Corcovado (Quiet Nights Of Quiet Stars),Stan Getz,Getz For Lovers,2002-01-14,49,253466
Jazz,Fly Me To The Moon,Frank Sinatra,Ultimate Sinatra,2015-04-17,64,147146
Jazz,Eu Sei Que Vou Te Amar,Antônio Carlos Jobim,Inédito,2007-06-20,49,112200
Jazz,"Piano Concerto in B-flat major, K. 595: III. Allegro – Jazz 3",Wolfgang Amadeus Mozart,"MOZART X JAZZ: Piano Concerto in B-flat major, K. 595",2025-11-14,2,131613
Jazz,"Piano Concerto in B-flat major, K. 595: II. Larghetto – Jazz 1",Wolfgang Amadeus Mozart,"MOZART X JAZZ: Piano Concerto in B-flat major, K. 595",2025-11-14,3,146200
Jazz,"Piano Concerto in B-flat major, K. 595: I. Allegro – Jazz 3",Wolfgang Amadeus Mozart,"MOZART X JAZZ: Piano Concerto in B-flat major, K. 595",2025-11-14,3,157880
Jazz,"Piano Concerto in B-flat major, K. 595: III. Allegro – Jazz 1",Wolfgang Amadeus Mozart,"MOZART X JAZZ: Piano Concerto in B-flat major, K. 595",2025-11-14,2,94973
Jazz,"Piano Concerto in B-flat major, K. 595: I. Allegro – Jazz 1",Wolfgang Amadeus Mozart,"MOZART X JAZZ: Piano Concerto in B-flat major, K. 595",2025-11-14,4,215040
Jazz,"Piano Concerto in B-flat major, K. 595: I. Allegro – Jazz 2",Wolfgang Amadeus Mozart,"MOZART X JAZZ: Piano Concerto in B-flat major, K. 595",2025-11-14,4,90386
Jazz,"Piano Concerto in B-flat major, K. 595: III. Allegro – Jazz 4",Wolfgang Amadeus Mozart,"MOZART X JAZZ: Piano Concerto in B-flat major, K. 595",2025-11-14,2,193733
Jazz,"Piano Concerto in B-flat major, K. 595: II. Larghetto – Jazz 3",Wolfgang Amadeus Mozart,"MOZART X JAZZ: Piano Concerto in B-flat major, K. 595",2025-11-14,2,84413
Jazz,"Piano Concerto in B-flat major, K. 595: III. Allegro – Jazz 2",Wolfgang Amadeus Mozart,"MOZART X JAZZ: Piano Concerto in B-flat major, K. 595",2025-11-14,2,193280
Jazz,"Piano Concerto in B-flat major, K. 595: II. Larghetto – Jazz 2",Wolfgang Amadeus Mozart,"MOZART X JAZZ: Piano Concerto in B-flat major, K. 595",2025-11-14,3,135013
Jazz,Thrill Me - Recollections 2025,Simply Red,Recollections,2025-11-21,30,305438
Metal,One,Metallica,…And Justice for All (Remastered),1988-08-25,77,446145
Metal,Freak On a Leash,Korn,Follow The Leader,1998-08-18,80,255729
Metal,Last Resort,Papa Roach,Infest,2000-04-25,83,199906
Metal,In the End,Linkin Park,Hybrid Theory (Bonus Edition),2000-10-24,89,216880
Metal,I-E-A-I-A-I-O,System Of A Down,Steal This Album!,2002-11-26,74,188600
Metal,Change (In the House of Flies),Deftones,White Pony,2000,82,299533
Metal,A Place for My Head,Linkin Park,Hybrid Theory (Bonus Edition),2000-10-24,76,184640
Metal,No More Tears,Ozzy Osbourne,No More Tears (Expanded Edition),1991-09-17,79,444983
Metal,My Way,Limp Bizkit,Chocolate Starfish And The Hot Dog Flavored Water,2000-10-17,79,272973
Metal,Livin' On A Prayer,Bon Jovi,Slippery When Wet,1986-08-16,81,249293
Metal,From the Inside,Linkin Park,Meteora (Bonus Edition),2003-03-25,73,175506
Metal,Given Up,Linkin Park,Minutes to Midnight,2007-05-14,80,189293
Metal,Master Of Puppets,Metallica,Master Of Puppets (Remastered),1986-03-03,79,515386
Metal,The Emptiness Machine,Linkin Park,The Emptiness Machine,2024-09-05,78,190427
Metal,My Own Summer (Shove It),Deftones,Around the Fur,1997-10-27,82,214760
Metal,Lying from You,Linkin Park,Meteora (Bonus Edition),2003-03-25,76,175053
Metal,Sonne,Rammstein,Mutter,2001-04-02,78,272440
Metal,Sugar,System Of A Down,System Of A Down,1998-06-30,72,153800
Metal,Psychosocial,Slipknot,All Hope Is Gone (10th Anniversary),2008-08-20,79,284120
Metal,Toxicity,System Of A Down,Toxicity,2001-09-04,84,218933
Metal,The Trooper - 2015 Remaster,Iron Maiden,Piece of Mind (2015 Remaster),1983,74,252733
Metal,Bleed It Out,Linkin Park,Minutes to Midnight,2007-05-14,81,164426
Metal,Hail to the King,Avenged Sevenfold,Hail to the King,2013-08-23,78,305906
Metal,Take A Look Around,Limp Bizkit,Chocolate Starfish And The Hot Dog Flavored Water,2000-10-17,81,321040
Metal,Numb,Linkin Park,Meteora,2003-03-25,88,187520
Metal,B.Y.O.B.,System Of A Down,Mezmerize,2005-05-17,79,255466
Metal,Breaking the Habit,Linkin Park,Meteora (Bonus Edition),2003-03-25,76,196133
Metal,Break Stuff,Limp Bizkit,Significant Other,1999,85,166706
Metal,Behind Blue Eyes,Limp Bizkit,Results May Vary,2003-01-01,79,269973
Metal,Papercut,Linkin Park,Hybrid Theory (Bonus Edition),2000-10-24,80,184866
Metal,Rollin' (Air Raid Vehicle),Limp Bizkit,Chocolate Starfish And The Hot Dog Flavored Water,2000-10-17,83,213760
Metal,Before I Forget,Slipknot,Vol. 3: The Subliminal Verses (Special Edition),2004,78,278600
Metal,What I've Done,Linkin Park,Minutes to Midnight,2007-05-14,85,205226
Metal,Lonely Day,System Of A Down,Hypnotize,2005-11-22,83,167906
Metal,Chop Suey!,System Of A Down,Toxicity,2001-09-04,86,210240
Metal,Welcome To The Jungle,Guns N' Roses,Appetite For Destruction,1987-07-21,84,273480
Metal,BURN IT DOWN,Linkin Park,LIVING THINGS,2012-06-19,81,230253
Metal,Somewhere I Belong,Linkin Park,Meteora (Bonus Edition),2003-03-25,83,213933
Metal,Enter Sandman - Remastered 2021,Metallica,Metallica (Remastered Deluxe Box Set),2021-09-10,85,331560
Metal,Paradise City,Guns N' Roses,Appetite For Destruction,1987-07-21,82,405600
Metal,One Step Closer,Linkin Park,Hybrid Theory (Bonus Edition),2000-10-24,84,157333
Metal,Duality,Slipknot,Vol. 3: The Subliminal Verses (Special Edition),2004,83,252613
Metal,Crawling,Linkin Park,Hybrid Theory (Bonus Edition),2000-10-24,82,208960
Metal,Faint,Linkin Park,Meteora,2003-03-25,84,162106
Metal,Aerials,System Of A Down,Toxicity,2001-09-04,83,235053
Metal,Heavy Is the Crown,Linkin Park,From Zero,2024-11-15,77,167012
Metal,You Give Love A Bad Name,Bon Jovi,Slippery When Wet (Deluxe Edition),1986,79,222317
Metal,The Emptiness Machine,Linkin Park,From Zero,2024-11-15,81,190427
Metal,The Unforgiven - Remastered 2021,Metallica,Metallica (Remastered 2021),2021-09-10,75,387160
Metal,Livin' On A Prayer,Bon Jovi,Slippery When Wet (Deluxe Edition),1986,80,250209
Metal,Faint,Linkin Park,Meteora (Bonus Edition),2003-03-25,71,162106
Metal,Heavy Is the Crown,Linkin Park,Heavy Is the Crown,2024-09-24,73,167012
Metal,Walk,Pantera,Vulgar Display of Power,1992-02-21,76,315120
Metal,Kickstart My Heart,Mötley Crüe,Dr. Feelgood,1989-09-02,80,282653
Metal,Figure.09,Linkin Park,Meteora (Bonus Edition),2003-03-25,73,197506
Metal,Down with the Sickness,Disturbed,The Sickness,2000-03-07,78,279213
Metal,"Vermilion, Pt. 2",Slipknot,Vol. 3: The Subliminal Verses (Special Edition),2004,69,224320
Metal,Fuel,Metallica,Reload,1997-01-01,74,269800
Metal,Seek & Destroy - Remastered,Metallica,Kill 'Em All (Remastered),1983-07-24,73,414720
Metal,Cherry Waves,Deftones,Saturday Night Wrist,2006-10-25,79,317706
Metal,Unsainted,Slipknot,We Are Not Your Kind,2019-08-09,73,260773
Metal,My Generation,Limp Bizkit,Chocolate Starfish And The Hot Dog Flavored Water,2000-10-17,76,221000
Metal,Falling Away from Me,Korn,Issues,1999-11-09,76,270920
Metal,The Unforgiven II,Metallica,Reload,1997-01-01,69,396440
Metal,Sad But True - Remastered 2021,Metallica,Metallica (Remastered Deluxe Box Set),2021-09-10,75,324600
Metal,Waiting for the End,Linkin Park,A Thousand Suns,2010-09-08,71,231680
Metal,Cut the Bridge,Linkin Park,From Zero,2024-11-15,69,228606
Metal,Points of Authority,Linkin Park,Hybrid Theory (Bonus Edition),2000-10-24,72,200240
Metal,N.I.B. - 2009 Remaster,Black Sabbath,Black Sabbath,1970-02-13,68,366173
Metal,"Afterlife (from the Netflix Series ""Devil May Cry"")",Evanescence,"Afterlife (from the Netflix Series ""Devil May Cry"")",2025-03-28,73,249960
Metal,Wasting Love - 2015 Remaster,Iron Maiden,Fear of the Dark (2015 Remaster),1992,65,351026
Metal,Custer,Slipknot,.5: The Gray Chapter (Special Edition),2014-10-15,74,254466
Metal,Blind,Korn,Korn,1994-10-11,76,258266
Metal,The Devil in I,Slipknot,.5: The Gray Chapter (Special Edition),2014-10-15,74,342821
Metal,Be Quiet and Drive (Far Away),Deftones,Around the Fur,1997-10-27,80,299866
Metal,Violent Pornography,System Of A Down,Mezmerize,2005-05-17,72,211333
Metal,Spiders,System Of A Down,System Of A Down,1998-06-30,70,215066
Metal,ATWA,System Of A Down,Toxicity,2001-09-04,72,176200
Metal,Radio/Video,System Of A Down,Mezmerize,2005-05-17,72,249226
Metal,Sextape,Deftones,Diamond Eyes,2010-04-30,81,241533
Metal,Throne,Bring Me The Horizon,That's The Spirit,2015-09-11,77,191520
Metal,You Give Love A Bad Name,Bon Jovi,Slippery When Wet,1986-08-16,77,222706
Metal,Runaway,Linkin Park,Hybrid Theory (Bonus Edition),2000-10-24,73,183973
Metal,Runaway,Bon Jovi,Bon Jovi,1984-01-23,75,230666
Metal,LOST IN THE ECHO,Linkin Park,LIVING THINGS,2012-06-19,71,205120
Metal,Can You Feel My Heart,Bring Me The Horizon,Sempiternal (Expanded Edition),2013-04-01,79,227296
Metal,Snuff,Slipknot,All Hope Is Gone (10th Anniversary),2008-08-20,70,276146
Metal,I'll Be There For You,Bon Jovi,New Jersey (Deluxe Edition),1988-09-13,71,346586
Metal,Bodies,Drowning Pool,Sinner,2001-01-01,78,201960
Metal,Leave Out All The Rest,Linkin Park,Minutes to Midnight,2007-05-14,75,209306
Metal,Whiskey In The Jar,Metallica,Garage Inc.,1998-01-01,75,304693
Metal,Two Faced,Linkin Park,From Zero,2024-11-15,72,183584
Metal,CASTLE OF GLASS,Linkin Park,LIVING THINGS,2012-06-19,77,205400
Metal,Fear of the Dark - 2015 Remaster,Iron Maiden,Fear of the Dark (2015 Remaster),1992,72,438120
Metal,Live And Let Die,Guns N' Roses,Use Your Illusion I,1991-09-17,73,182733
Metal,You Could Be Mine,Guns N' Roses,Use Your Illusion II,1991-09-18,72,343640
Metal,For Whom The Bell Tolls - Remastered,Metallica,Ride The Lightning (Deluxe / Remastered),1984-07-26,73,309973
Metal,Hypnotize,System Of A Down,Hypnotize,2005-11-22,74,189440
Metal,Up From the Bottom,Linkin Park,From Zero (Deluxe Edition),2025-05-16,75,183223
Metal,Wait and Bleed,Slipknot,Slipknot,1999,76,147840
Christian & Gospel,Buscar-Me-Eis e Me Achareis - Ao Vivo,Alexsander Lucio,Buscar-Me-Eis e Me Achareis (Ao Vivo),2025-01-31,64,519000
Christian & Gospel,Para Que Entre o Rei - Ao Vivo,MORADA,Uma Coisa (Ao Vivo),2017-04-22,62,398562
Christian & Gospel,O Maior Vilão Sou Eu,Sarah Beatriz,Basta Acreditar,2017-08-11,62,273072
Christian & Gospel,Está Tudo Bem,Kellen Byanca,Está Tudo Bem,2022-03-29,62,352502
Christian & Gospel,Gratidão - Ao Vivo,fhop music,Batendo à Porta (Ao Vivo),2022-02-08,63,568846
Christian & Gospel,Oceanos (Onde Meus Pés Podem Falhar) [Oceans Where Feet May Fail] - Ao Vivo,Ana Nóbrega,Não Me Deixes Desistir (Ao Vivo),2015-03-23,63,495026
Christian & Gospel,Liberta-Me de Mim,Luma Elpidio,Liberta-Me de Mim,2016-07-20,64,429332
Christian & Gospel,O Fogo Arderá - Ao Vivo,Alexsander Lucio,O Fogo Arderá (Ao Vivo),2024-11-11,73,624000
Christian & Gospel,Tà Chorando por Quê?,Eliane Fernandes,Tà Chorando por Quê?,2021-06-08,62,241818
Christian & Gospel,Hino da Vitória,Cassiane,Com Muito Louvor,1999-12-08,62,227369
Christian & Gospel,Eu Te Amo Tanto,Irmão Lázaro,Eu Te Amo Tanto,2007-03-19,61,385123
Christian & Gospel,A Resposta,Thalles Roberto,Essência,2017-12-15,62,398986
Christian & Gospel,Fé Para O Impossível,Eli Soares,Fé Para O Impossível,2024-11-08,63,260506
Christian & Gospel,Deus Está Aqui (Medley),Gabriela Rocha,Deus Está Aqui (Medley),2024-08-26,62,283648
Christian & Gospel,Algo Novo (feat. Lukas Agustinho) - Ao Vivo,Kemuel,Algo Novo (feat. Lukas Agustinho) [Ao Vivo],2020-06-05,64,408132
Christian & Gospel,O Medo Não Vai Me Parar - Ao Vivo,Sarah Beatriz,O Medo Não Vai Me Parar (Ao Vivo),2022-11-03,64,303346
Christian & Gospel,Noites Traiçoeiras,Padre Marcelo Rossi,Minha Benção (Com Faixa Bonus),2006-07-22,64,252160
Christian & Gospel,Reacende a Chama - Ao Vivo,Sued Silva,Reacende a Chama (Ao Vivo),2024-08-20,67,477994
Christian & Gospel,Ainda Que a Figueira - Ao Vivo,Fernandinho,Uma Nova História (ao Vivo),2009-01-01,62,262680
Christian & Gospel,Os Sonhos de Deus,Gabriela Rocha,Os Sonhos de Deus,2022-02-08,64,267077
Christian & Gospel,Um Novo Dia,Get Worship,Um Novo Dia,2025-07-04,67,360143
Christian & Gospel,Ressuscita-me,Aline Barros,Extraordinário Amor de Deus,2011-01-19,65,343051
Christian & Gospel,Dependente de Deus - Ao Vivo,Isadora Pompeo,Dependente de Deus (Ao Vivo),2025-09-18,63,329045
Christian & Gospel,Acalma o Meu Coração,Anderson Freire,Raridade,2013-03-25,65,261178
Christian & Gospel,Deus de Obras Completas - Ao Vivo,Kemilly Santos,Deus de Obras Completas (Ao Vivo),2024-10-15,68,384427
Christian & Gospel,Quero Conhecer Jesus,Alessandro Vilas Boas,O Fogo Nunca Dorme,2017-09-25,65,360187
Christian & Gospel,Em Todas As Áreas (Milagres),Gabriel Brito,Em Todas As Áreas (Milagres),2025-08-21,65,297313
Christian & Gospel,Meu Mestre,Irmão Lázaro,Eu Te Amo Tanto,2007-03-19,63,393195
Christian & Gospel,Aliança (Ao Vivo),Isadora Pompeo,Tetelestai (Ao Vivo),2024-08-15,64,332906
Christian & Gospel,Ninguém Explica Deus (feat. Gabriela Rocha) - Ao Vivo,Preto no Branco,Preto no Branco (Ao Vivo),2015-12-04,68,390386
Christian & Gospel,Arde Outra Vez,Thalles Roberto,Na Sala do Pai,2015-04-28,68,430440
Christian & Gospel,Você Me Leva ao Deserto,Ministério Zoe,Há Um Vinho Novo,2015,67,315586
Christian & Gospel,Me Leva Pra Casa,Israel Subira,Me Leva Pra Casa,2017-05-29,65,465885
Christian & Gospel,Jó,Midian Lima,Milagre,2017-06-19,67,311936
Christian & Gospel,Deus e Eu - Ao Vivo,Leandro Borges,Leandro Borges ao Vivo: Parte 2,2019-03-01,66,243840
Christian & Gospel,Raridade,Anderson Freire,Raridade,2013-03-25,68,297726
Christian & Gospel,Maranata - Ao Vivo,Ministério Avivah,Maranata,2016-08-01,68,384760
Christian & Gospel,Yeshua,Heloisa Rosa,Yeshua,2018-07-05,63,343344
Christian & Gospel,Yeshua,Julliany Souza,Momentos (Vol.1),2020-12-04,63,522461
Christian & Gospel,Alívio,Jessé Aguiar,Alívio,2021-03-26,68,285098
Christian & Gospel,Cura - Ao Vivo em Salvador,Maria Marçal,Cura (Ao Vivo em Salvador),2025-07-25,68,245476
Christian & Gospel,Não Pare,Midian Lima,Não Pare,2019-06-04,69,293593
Christian & Gospel,Só Tu És Santo / Uma Coisa / Deixa Queimar / Quando Ele Vem - Ao Vivo,MORADA,Uma Só Voz - Vol. 01 (Ao Vivo),2021-06-15,70,526156
Christian & Gospel,Santo Pra Sempre - Ao Vivo no Mineirão,Fernandinho,Fernandinho (Ao Vivo no Mineirão),2025-04-10,63,409301
Christian & Gospel,Escape,Jadson Moreno,Escape,2024-08-10,66,565248
Christian & Gospel,Deus Proverá,Gabriela Gomes,Deus Proverá,2018-03-16,69,358240
Christian & Gospel,Bondade de Deus,Isaias Saad,Bondade e Fidelidade (Ao Vivo),2023-11-22,65,375653
Christian & Gospel,Escape,Renascer Praise,30 Anos de Louvor e Adoração,2024-07-06,67,426356
Christian & Gospel,Ovelhinha (Ao Vivo),Isadora Pompeo,Tetelestai (Ao Vivo),2024-08-15,67,276453
Christian & Gospel,A Casa É Sua - Ao Vivo,Casa Worship,A Casa É Sua,2019-03-11,70,562388
Christian & Gospel,Sabor de Mel,Damares,Apocalipse,2008-01-04,57,322026
Christian & Gospel,A Vitória Chegou,Aurelina Dourado,Pra Todo Mundo Ouvir,2014-05-06,58,228855
Christian & Gospel,Sempre Foi Deus,Raquel Olliver,Sempre Foi Deus,2024-04-12,58,295783
Christian & Gospel,O Hino - Ao Vivo,Fernandinho,Teus Sonhos (ao Vivo),2012-01-01,59,348013
Christian & Gospel,Visceral,José Jr,Visceral,2023-01-26,58,436034
Christian & Gospel,Dimas - O Ladrão,Jottapê,Dimas (O Ladrão),2025-09-23,59,267073
Christian & Gospel,Nada mais - Ao Vivo,fhop music,Onething 2022 (Ao Vivo),2023-06-27,59,452301
Christian & Gospel,Os Sonhos de Deus (feat. Lukão Carvalho & Eli Soares) - Ao Vivo,Preto no Branco,Preto no Branco (Ao Vivo),2015-12-04,57,368346
Christian & Gospel,Creio Que Tu És a Cura,Gabriela Rocha,Creio Que Tu És a Cura,2021-05-27,58,351708
Christian & Gospel,Deus Está Te Ensinando,Nathália Braga,Deus Está Te Ensinando,2021-06-15,58,279808
Christian & Gospel,A Maior Honra - Ao Vivo,Julliany Souza,A Maior Honra (Ao Vivo),2025-05-27,60,682941
Christian & Gospel,Grande É O Senhor - Ao Vivo,Eli Soares,Memórias 2 (Ao Vivo),2020-05-19,59,246826
Christian & Gospel,Maranata,Nilson Junior,Maranata,2024-12-17,58,253333
Christian & Gospel,Deus Tem o Melhor Pra Mim - Ao Vivo,Fernandinho,Uma Nova História (ao Vivo),2009-01-01,58,335853
Christian & Gospel,Isaías 53,Projeto Sola,"Projeto Sola, Vol.1",2015-08-14,58,251575
Christian & Gospel,Paz Sem Fim (Nada Quebrado) - Ao Vivo,Carol Braga,Fogo Que Consome (Ao Vivo),2023-12-08,58,348181
Christian & Gospel,Caia Fogo - Ao Vivo,Fernandinho,Teus Sonhos (ao Vivo),2012-01-01,60,507213
Christian & Gospel,Nada Mais/Uma Vez,Cultura do Céu,Nada Mais/Uma Vez,2024-05-21,59,392184
Christian & Gospel,O Escudo + Sou Um Milagre - Ao Vivo,Lukas Agustinho,O Escudo + Sou Um Milagre (Ao Vivo),2022-09-15,59,392240
Christian & Gospel,Pai Nosso,Pedras Vivas,Oceano De Amor,2017-03-31,60,433400
Christian & Gospel,Minha Calmaria,Gabriel Brito,Minha Calmaria,2022-05-06,59,219240
Christian & Gospel,Estou Te Esperando (Ao Vivo),Anderson Freire,Estou Te Esperando (Ao Vivo),2024-06-28,58,411745
Christian & Gospel,Quando Eu Chorar,Bruna Karla,Advogado Fiel,2009-08-31,59,264103
Christian & Gospel,Labareda - Ao Vivo,Jefferson & Suellen,Labareda (Ao Vivo),2020-03-17,61,269282
Christian & Gospel,Agradeço,AgroPraise,Agradeço,2023-12-24,58,221976
Christian & Gospel,Diz,Gabriela Rocha,Hosana (Ao Vivo),2020-06-29,59,275306
Christian & Gospel,Filho Meu,Thalles Roberto,Sejam Cheios do Espírito Santo,2015-04-28,61,344066
Christian & Gospel,O Escudo,Voz da Verdade,O Melhor de Deus Esta Por Vir,2003,60,265800
Christian & Gospel,Digno É o Senhor - Ao Vivo,Felipe Rodrigues,"Ministrações, Vol. 3 (Ao Vivo)",2024-12-20,60,415652
Christian & Gospel,MINHA SEGURANÇA,Isaias Saad,ALTAR INVISÍVEL,2025-10-21,60,246846
Christian & Gospel,O Escudo - Ao Vivo em Salvador,Maria Marçal,Cura | EP 01,2025-04-30,58,500292
Christian & Gospel,"Oh, Quão Lindo Esse Nome É - Acústico",Ana Nóbrega,Ana Nóbrega (Acústico),2022-07-05,60,342353
Christian & Gospel,Santo Pra Sempre - Ao Vivo no Mineirão,Fernandinho,Santo Pra Sempre (Ao Vivo no Mineirão),2025-03-21,71,409301
Christian & Gospel,Girassol,PRISCILLA,Girassol,2019-12-12,61,224725
Christian & Gospel,É Tudo Sobre Você / Ser Mudado - Ao Vivo,MORADA,Uma Só Voz - Vol. 01 (Ao Vivo),2021-06-15,76,442406
Christian & Gospel,Grandes Coisas - Ao Vivo,Fernandinho,Uma Nova História (ao Vivo),2009-01-01,71,297680
Christian & Gospel,Então Profetiza,Maria Marçal,Então Profetiza,2023-09-25,59,259505
Christian & Gospel,Messias - Ao Vivo,Bruna Karla,Messias (Ao Vivo),2025-09-26,62,489442
Christian & Gospel,Escape,Renascer Praise,Escape,2023-08-18,61,426356
Christian & Gospel,A Reforma,Jessé Aguiar,A Reforma,2022-05-10,61,320361
Christian & Gospel,Escape,Jeyzer Maia,Escape,2025-01-14,59,273734
Christian & Gospel,Mesmo Sem Entender - Ao Vivo,Thalles Roberto,"Uma História Escrita pelo Dedo de Deus, Vol. 1 (Ao Vivo)",2015,58,277680
Christian & Gospel,"Meu Filho, Descansa",Maria Marçal,"Meu Filho, Descansa",2023-12-19,60,243244
Christian & Gospel,Gratidão - Ao Vivo,Felipe Rodrigues,"Ministrações, Vol. 3 (Ao Vivo)",2024-12-20,61,396346
Christian & Gospel,Jesus nunca desiste,TRAP GOSPEL,Jesus nunca desiste,2025-08-27,59,189320
Christian & Gospel,Deus Proverá,Gabriela Gomes,Deus Proverá,2020-06-03,58,369331
Christian & Gospel,Espírito Santo,Fernanda Brum,Quebrantado Coração,2002-04-11,59,259691
Christian & Gospel,Deus de Promessas - Ao Vivo,Davi Sacer,15 Anos (ao Vivo),2019-07-30,59,339033
Christian & Gospel,MINHA PORÇÃO É O SENHOR (BLUES GOSPEL) – By SOM DA PALAVRA,SOM DA PALAVRA,MINHA PORÇÃO É O SENHOR (BLUES GOSPEL) – By SOM DA PALAVRA,2025-09-24,56,252879
Christian & Gospel,Ruja o Leão - Ao Vivo,fhop music,Infindável (Ao Vivo),2023-06-27,60,490973
Folk & Acoustic,Fever To The Form,Nick Mulvey,First Mind,2014-05-12,68,252960
Folk & Acoustic,"If I Go, I'm Goin",Gregory Alan Isakov,This Empty Northern Hemisphere,2009-01-01,65,267160
Folk & Acoustic,Soaked to the Soul,VANNGO,Soaked to the Soul,2025-07-10,39,251228
Folk & Acoustic,All My Days,Alexi Murdoch,Time Without Consequence,2009-08-04,56,297306
Folk & Acoustic,"Drunk, Running",Lizzy McAlpine,Older (and Wiser),2025-11-14,35,245732
Folk & Acoustic,Blame The Moon,Hazlett,Blame The Moon,2023-07-21,66,223723
Folk & Acoustic,"In Your Atmosphere - Live at the Nokia Theatre, Los Angeles, CA - December 2007",John Mayer,Where the Light Is: John Mayer Live In Los Angeles,2008,59,345626
Folk & Acoustic,Older,Lizzy McAlpine,Older (and Wiser),2025-11-14,34,201183
Folk & Acoustic,I Guess,Lizzy McAlpine,Older (and Wiser),2025-11-14,35,224410
Folk & Acoustic,Thinking About You,Ocie Elliott,In That Room,2020-03-20,62,177093
Folk & Acoustic,Wait for You,Ocie Elliott,Wait for You,2021-07-16,61,193935
Folk & Acoustic,Emoji of a Wave,John Mayer,The Search for Everything,2017-04-14,53,239666
Folk & Acoustic,The Woods - Acoustic,Hollow Coves,The Woods (Acoustic),2017-07-14,66,239960
Folk & Acoustic,Nothing but Everything,Jon and Roy,The Road Ahead Is Golden,2017-06-09,61,214537
Folk & Acoustic,Long Blue Light,Leif Vollebekk,Long Blue Light,2020-11-10,66,200173
Folk & Acoustic,Purple,Hollow Coves,Nothing to Lose,2024-03-01,51,265962
Folk & Acoustic,Old Pine,Ben Howard,Every Kingdom,2011-01-01,66,328506
Folk & Acoustic,the night we met,Amistat,the night we met,2023-11-03,54,166666
Folk & Acoustic,Colder Heavens,Blanco White,Colder Heavens - EP,2017-03-31,63,273893
Folk & Acoustic,once in a while,GRAHAM,Cedarcliff,2024-11-01,54,177500
Folk & Acoustic,Nothing Else,Angus & Julia Stone,Snow,2017-09-15,59,263995
Folk & Acoustic,Into The Sun - EP Version,Sons Of The East,Already Gone,2015-11-06,61,300499
Folk & Acoustic,Girl - Acoustic,SYML,When the Party's Over,2025-11-14,39,211881
Folk & Acoustic,Be Slow,Harrison Storm,Be Slow,2020-02-14,62,205286
Folk & Acoustic,Tidal Wave - Acoustic,Old Sea Brigade,Cover My Own (Acoustic),2018-04-20,54,155050
Folk & Acoustic,Call It Dreaming,Iron & Wine,Beast Epic,2017-08-25,66,231754
Folk & Acoustic,Sinner,Benjamin Steer,Sinner,2024-04-16,62,220000
Folk & Acoustic,Delicate,Damien Rice,O,2003-03-24,58,312066
Folk & Acoustic,The Open Road,Hollow Coves,Moments,2019-10-18,56,200133
Folk & Acoustic,Minimum,Charlie Cunningham,Lines,2017-01-27,69,194906
Folk & Acoustic,Runaway,Ziggy Alberts,Runaway,2015-10-09,65,272733
Folk & Acoustic,San Luis,Gregory Alan Isakov,Evening Machines,2018-10-05,73,272346
Folk & Acoustic,Only Love,Ben Howard,Every Kingdom,2011-01-01,68,249173
Folk & Acoustic,No One Wants To Die Alone - Acoustic Version,Benjamin Steer,No One Wants To Die Alone (Acoustic Version),2025-01-02,67,201818
Folk & Acoustic,Feeling You,Harrison Storm,Feeling You,2018-05-25,63,201195
Folk & Acoustic,Mistakes,Gregory Alan Isakov,Appaloosa Bones,2023-08-18,66,202680
Folk & Acoustic,Cannonball,Damien Rice,O,2003-03-24,58,310000
Folk & Acoustic,Take Me Home,Ocie Elliott,Take Me Home,2020-12-11,63,181958
Folk & Acoustic,Home,Hollow Coves,Wanderlust,2017-03-17,60,202440
Folk & Acoustic,Girl - Acoustic,SYML,Girl,2018,63,211881
Folk & Acoustic,Alps,Novo Amor,Alps,2016-04-15,63,194160
Folk & Acoustic,From Gold,Novo Amor,"Woodgate, NY",2014-03-31,64,214335
Folk & Acoustic,Heartbeats,José González,Veneer,2003-07-02,68,160240
Folk & Acoustic,Miracle - Acoustic Version,Benjamin Steer,Miracle (Acoustic Version),2025-11-14,40,241621
Folk & Acoustic,All the Pretty Girls,KALEO,A/B,2016-06-10,69,269893
Folk & Acoustic,Bloom (Online Bonus Track),The Paper Kites,Woodland,2011-07-01,64,209816
Folk & Acoustic,Coastline,Hollow Coves,Wanderlust,2017-03-17,77,233973
Folk & Acoustic,Carry You,Novo Amor,Bathing Beach,2017-05-26,70,273106
Folk & Acoustic,Georgia,Vance Joy,Dream Your Life Away (Deluxe Edition),2014-08-05,70,230506
Folk & Acoustic,The Sound of Silence - Acoustic Version,Simon & Garfunkel,"Wednesday Morning, 3 A.M.",1964-10-19,72,189432
Folk & Acoustic,Famous Blue Raincoat,Leonard Cohen,Songs of Love and Hate,1971-03-19,60,315678
Folk & Acoustic,Hero,Family of the Year,Loma Vista,2012-07-10,64,190280
Folk & Acoustic,Everything I Am Is Yours,Villagers,Darling Arithmetic,2015-04-13,61,210013
Folk & Acoustic,Be - Acoustic,Hozier,"Wasteland, Baby! (Special Edition)",2019-03-01,48,235346
Folk & Acoustic,Resin,Dustin Tebbutt,Resin,2020-08-28,58,203939
Folk & Acoustic,Ran Away,Hollow Coves,Moments,2019-10-18,50,255099
Folk & Acoustic,Forever Ago,Woodlock,Sirens,2015,55,282746
Folk & Acoustic,Tiger Striped Sky,Roo Panes,Little Giant,2014-10-06,59,241720
Folk & Acoustic,Torn,Sons Of The East,Torn,2024-11-20,57,180307
Folk & Acoustic,Hello,Hollow Coves,Hello,2021-05-07,47,194000
Folk & Acoustic,My Stupid Mouth,John Mayer,Room For Squares,2001-08-16,50,223960
Folk & Acoustic,Our Place,Justin Lee,Our Place,2023-05-26,44,138913
Folk & Acoustic,Making All Things New,Aaron Espe,Making All Things New,2015,52,159600
Folk & Acoustic,Loving You (Is a Reflex),John Adams,Loving You (Is a Reflex),2025-11-14,40,183538
Folk & Acoustic,Bones Shake,Hazlett,Bones Shake,2024-04-19,57,226011
Folk & Acoustic,Even If It’s Lonely,Hazlett,Bloom Mountain,2023-01-13,56,245439
Folk & Acoustic,Answers,Salt Tree,Answers,2025-06-06,49,187100
Folk & Acoustic,Love Brought Weight,Old Sea Brigade,Old Sea Brigade,2016-01-22,56,185746
Folk & Acoustic,Love Brought Weight,Old Sea Brigade,At My Best,2025-10-31,57,185746
Folk & Acoustic,Arms,The Paper Kites,On the Train Ride Home,2018-04-18,46,203560
Folk & Acoustic,Walk On - Acoustic,Conrad Sewell,Walk On - Acoustic,2025-11-19,8,207187
Folk & Acoustic,Gone (The Pocahontas Song),Ziggy Alberts,Land & Sea,2014-12-11,57,218500
Folk & Acoustic,Birthplace,Novo Amor,Birthplace,2018-10-19,49,190573
Folk & Acoustic,We Had A Place In That Garden,Blanco White,Tarifa,2023-09-29,59,225293
Folk & Acoustic,Purple,Hollow Coves,Purple,2021-11-05,40,265962
Folk & Acoustic,Hope,Old Sea Brigade,Ode to a Friend,2019-01-04,53,184013
Folk & Acoustic,Shiver,Lucy Rose,Like I Used To,2012-09-24,50,233013
Folk & Acoustic,Thousand (feat. Lisa Hannigan),Rosie Carney,Bare,2019-01-25,53,206440
Folk & Acoustic,We Watch The Stars - Berlin Session,Fink,Bloom Innocent (Acoustic),2020-04-17,58,225543
Folk & Acoustic,Home To You,The Neighborly,Home To You,2023-11-09,53,202800
Folk & Acoustic,Catholic Country,Kings of Convenience,Peace Or Love,2021-06-18,53,181139
Folk & Acoustic,Lonely Nights,Hollow Coves,Lonely Nights,2021-03-26,51,219533
Folk & Acoustic,Sweet Home,SYML,The Day My Father Died,2023-02-03,56,248533
Folk & Acoustic,Shouldn't Matter but It Does,John Mayer,Sob Rock,2021-07-16,54,236733
Folk & Acoustic,Bloom,LULLANAS,Bloom,2020-10-23,53,173924
Folk & Acoustic,The Butterfly House,Seamus Harty,The Butterfly House,2025-06-27,38,189173
Folk & Acoustic,Sense of Home,Harrison Storm,Sense of Home,2016-11-25,57,265840
Folk & Acoustic,The Enemy,Andrew Belle,Black Bear,2013-08-20,55,286865
Folk & Acoustic,Georgia,Vance Joy,Dream Your Life Away,2014-09-08,56,230506
Folk & Acoustic,Naked as We Came,Iron & Wine,Our Endless Numbered Days (Deluxe Edition),2004-03-23,62,152613
Folk & Acoustic,Little Giant,Roo Panes,Little Giant,2014-10-06,50,292426
Folk & Acoustic,blue jean,Hazlett,last night you said you missed me,2025-09-12,62,276611
Folk & Acoustic,Waiting On the World to Change (feat. Ben Harper),John Mayer,The Village Sessions,2006-12-12,46,171666
Folk & Acoustic,Run,Harrison Storm,Run,2019-02-22,57,196760
Folk & Acoustic,Settle Down - Acoustic,Woodlock,Settle Down (Acoustic),2021-07-16,52,165376
Folk & Acoustic,Old Salt,Hazlett,Goodbye to the Valley Low (Side B),2024-10-04,60,176041
Folk & Acoustic,Tidal Wave - Acoustic,Old Sea Brigade,At My Best,2025-10-31,53,155050
Folk & Acoustic,Fortune - Acoustic,William Fitzsimmons,Acoustic Sessions,2014-08-05,48,228019
Folk & Acoustic,Colder Heavens - Acoustic Version,Blanco White,Colder Heavens (Acoustic Version),2017-07-26,53,236285
Folk & Acoustic,Beauty in the Light - Acoustic,Hollow Coves,Beauty in the Light (Acoustic),2020-03-06,49,245506
K-pop,"Den Akousa, Den Eida Kai Den Xero",Mihalis Violaris,Giorgos Katsaros Megales Epitihies,2021-10-01,0,170760
K-pop,Premer Ghonta,Shankar Tantubai,Premer Ghonta,2024-07-28,0,279650
K-pop,I Don't Know My Mind,Patti Kim,"The Bittersweet Love with You, Love You Only",1971-01-15,0,191317
K-pop,Here si mjalte her si pelim,Shyhrete Behluli,Per te gjithe nga pak,2004-10-20,0,119333
K-pop,Mi Noćas Imamo Zadnju,Hari Rončević,Nešto Za Dušu,2012-12-04,0,225226
K-pop,我爱你,Teresa Teng,爱的旋律,2005-03-05,0,158506
K-pop,Mikono Kwenye Hewa - Andreas Norén Remix,Muthoni Drummer Queen,Mikono Kwenye Hewa,2010-12-14,0,212636
K-pop,My Path,WABLE,I Don't Wanna Work 2019 (Original Soundtrack),2019-07-02,0,226735
K-pop,The Breast Of My Dad'S,Nam Jin,Composed by Nam Kuk-in (The Boatman),1973-03-01,0,165693
K-pop,India In my Heart,Piyush Soni,India In my Heart,2024-07-14,0,174909
K-pop,C'est nous les best,12mé,The A Dream,2023-12-18,0,144000
K-pop,CITI MAROHO,Satish Das,CITI MAROHO,2023-05-29,0,221114
K-pop,Du Tala Chadi Chhora Jhulafiya Ke Jharo Hai,Neeraj Premi Yadav,Du Tala Chadi Chhora Jhulafiya Ke Jharo Hai,2021-07-18,0,250880
K-pop,Fara E Rap'it,Gold Ag,Fara E Rap'it,2006-10-20,0,228127
K-pop,Håll takten spelemän,Gösta Jonsson,"Gösta Jonsson sjunger och spelar Jules Sylvain, vol. 4",2023-10-13,0,147926
K-pop,Bahu Ker Lila,Satish Das,Bahu Ker Lila,2023-01-11,0,254934
K-pop,Pauvre Boxeur Amoureux,Johan Verminnen,Je Ne Suis Pas Un Flamand Rose,1978-01-01,0,251890
K-pop,Shyamer Banshite,Shankar Tantubai,Shyamer Banshite,2023-07-20,0,597160
K-pop,Ek Baar,Kumar Pritam,Ek Baar,2023-12-13,0,271595
K-pop,Mi Oboje Trebamo Ljubav,Meri Cetinic,20. Dalmatinska Šansona Šibenik 2017.,2017-07-27,0,191520
K-pop,Uoi Ni Muthuku,Mr. & Mrs. Joseph Mwania,Mawesi,2013-09-10,0,305906
K-pop,Woman of the wind,Nam Jin,Kiss Kiss/ Resume,2012-06-14,0,217546
K-pop,Все будет,Aidar BMM,ALA,2022-05-20,0,88674
K-pop,Мы вместе - DJ Vartan & DJ Pasha Portnov AKA Hit Deejays remix,Valeriya,Out of Control / Неподконтрольно (Deluxe Edition),2009-04-05,0,331939
K-pop,Sunčane Fontane,Tereza Kesovija,Prozor Kraj Đardina 1962. - 1999.,2012-11-30,0,253840
K-pop,The Same Old Story - Live Version,Lim Jae Beum,Live & Life,2006-01-02,0,331415
K-pop,尋找,Teresa Teng,電影金曲25首-CD6,1997-08-04,0,234706
K-pop,Night cruising,NO_ON,Night run,2018-10-05,0,198260
K-pop,Lockdown,Vicmass Luodollar,Lockdown,2020-06-22,0,193008
K-pop,Kaanek Jhumka - Khortha Song,Milan Das,Kaanek Jhumka (Khortha Song),2023-11-09,0,190360
K-pop,Hey Friend,Patti Kim,Golden Best,2009-08-03,0,285173
K-pop,Елочки-Иголочки,Natali,Милые 90-е,2023-03-09,0,23170
K-pop,Эпизод,Aidar BMM,Episode,2023-04-21,0,152806
K-pop,Seosan Seaside Village,Lee Mi Ja,Best Two,2014-03-01,0,181200
K-pop,Sajani Ge,Satish Das,Sajani Ge,2024-05-28,0,247680
K-pop,Mobayle Happy Holi Kahi Deli Ge,Satish Das,Mobayle Happy Holi Kahi Deli Ge,2023-02-16,0,193880
K-pop,Vjeruj Mi,Jasna Zlokic,"Zvuk Osamdesetih 1980/89, Zabavna I Pop",2011-12-29,0,205146
K-pop,Считалочка,Natali,Взрывная энергия музыки 90-х,2024-07-12,0,208704
K-pop,Zor Me Jetu,Gold Ag,Hip Hop Hite,2016-06-07,0,220506
K-pop,Treasure Hunt,Cho Yong Pil,Children'S Song Best,2002-05-04,0,128773
K-pop,사랑의 반지,Patti Kim,베스트 2(2CD),2005-12-01,0,177000
K-pop,Downtown Beautiful Girl,Nam Jin,Nam Jin/Na Hoon A Hit Music Complete Collection,1991-01-01,0,116006
K-pop,Suza Je Slana,Ivo Pattiera,"Dalmatinske Drage Luke, Tragom Pjesama Ive Mikuličina",2022-06-17,0,181306
K-pop,Bina Guru Kay,Satish,Baba Ji Bina Bigdey Ne Kon Bajawe,2020-07-01,0,351973
K-pop,Don't meet,The Lime,"Phoenix 2020 (Original Television Soundtrack, Pt. 17)",2021-04-11,0,238036
K-pop,Hej hopp min rosenknopp,Harry Persson,Kärlek ur tiden: Man vet aldrig hur dagen har varit förrän gumman har kommit i säng,2024-05-31,0,201401
K-pop,지금 그 사람은,Nam Jin,베스트 2(2CD),2005-12-01,0,159733
K-pop,Man Of The Man,Nam Jin,Best Two,2014-03-01,0,149000
K-pop,Ja Slijedim Svoju Zvijezdu,Tereza Kesovija,"Kronologija, 100 Izvornih Snimaka (Set B)",2011-12-19,0,127546
K-pop,Ветер с моря дул,Natali,Музыка юности,2024-09-13,0,225175
K-pop,Go Away,Nam Jin,"51st Anniversary, New & Golden Best",2016-03-29,0,217506
K-pop,Stand Up,Wi Il Cheong,New & Remake,2009-01-01,0,225866
K-pop,Taha Giati,Kaiti Homata,To Neo Kyma (Oi Original Ekteleseis),2021-03-08,0,154632
K-pop,Two Roads,2nd Moon,"Top Band3, Pt. 1",2015-10-10,0,202000
K-pop,파랑새,Lee Moon Sae,독창회 Ⅱ 1981~2002 (Live),2003-05-24,0,26506
K-pop,들길따라서,Yang Hee Eun,히트가요 컬렉션 VOL.7,1994-01-01,0,161044
K-pop,Kome Ćeš Sad,Hari Rončević,"Melodije Hrvatskog Jadrana 2000., 1",2012-12-03,0,216506
K-pop,Suigen Zhanga,Dinara Sultan,#8,2018-05-19,0,233038
K-pop,Да и нет,Valeriya,Out of Control / Неподконтрольно (Deluxe Edition),2009-04-05,0,229138
K-pop,Я хочу,Виктор Баум,Ты со мной,2014-07-10,0,267467
K-pop,I Give My All,12mé,I Give My All,2024-02-23,0,149647
K-pop,Maito Ki Jhoor,Mamta Arya,Maito Ki Jhoor,2022-07-04,0,346320
K-pop,Don't Be Afraid,Karen Group,Love King,2012-06-20,0,329456
K-pop,3 Peg - Pahari,Gaurav Bisht,3 Peg (Pahari),2023-05-22,0,237793
K-pop,Bella Biondina,Klapa Maslina,Festival Zabavne Glazbe Split 2009.,2001-02-20,0,214586
K-pop,Dansi Nanga Mie,Sukru Sani,Gado Na Wang Bung Gado,2007-01-01,0,336373
K-pop,Bodulska Balada,Jasna Zlokic,Splitski Biseri 1960-1970,1988-03-08,0,204653
K-pop,I like you,Nam Jin,BEST 7,1992-06-01,0,144293
K-pop,Eshu Ko Ghar Aao,Mahesh Kumar,Eshu Ko Ghar Aao,2023-10-03,0,302421
K-pop,Поехали на дачу!,Natali,Дачная романтика,2023-04-13,0,169285
K-pop,Deste Yaramın Berde,Hozan Serwan,Narinamın,2019-08-28,0,469569
K-pop,Счастлива с тобой,Makka Sagaipova,Безаман мерзанаш 2024,2024-08-15,0,250514
K-pop,The Heroine Of My Soul,Nam Jin,Golden Best,2014-03-01,0,189266
K-pop,Khali Ullu Banwe Hi,Milan Das,Khali Ullu Banwe Hi,2023-12-02,0,227631
K-pop,Antim Bidai Jaan Ke Hathe,Arun Chaila Yadav,Antim Bidai Jaan Ke Hathe,2023-11-10,0,347489
K-pop,십장가,Kim Young-Im,경기 12잡가,2005-08-29,0,775786
K-pop,Vinod Rathod & Chorus - Original,Lalitya Munshaw,Love Songs Pyar Kya Hota Hai,2011-11-29,0,297922
K-pop,Empty Glass (Light Music),Nam Jin,Best Part 1 (2 CDs),2005-12-01,0,196000
K-pop,Haye Re Daaru,Mahesh Kumar,Haye Re Daaru,2024-09-26,0,343429
K-pop,"Karnevali ,Karnevali",Krunoslav-Kićo Slabinac,Karneval Fest '87,2015-03-10,0,201946
K-pop,Bảy Ngày Đợi Mong,Lyn,Bé Yêu,1990-01-01,0,213546
K-pop,Not Even Close - From The BJB Sessions,Tim Finn,Horizon,2007-01-01,0,256213
K-pop,Будут танцы,Natali,Плейлист к Международному женскому дню,2024-03-05,0,200826
K-pop,Судьба,Король Лир,Судьба,2020-12-23,0,230412
K-pop,Leke Chalo Piya Jamui Ghuraiya,Neeraj Premi Yadav,Leke Chalo Piya Jamui Ghuraiya,2021-09-02,0,214029
K-pop,Серые Дни - Remastered 2023,Aidar BMM,Будни (Remastered 2023),2015,0,209524
K-pop,You and I,Patti Kim,Because I Love You/I Love It If It's You,1985-12-24,0,138239
K-pop,Tvoj Dječak Je Tužan,Krunoslav Kićo Slabinac,Sve Hrvatske Eurovizije '63 - '93,1994-01-01,0,176253
K-pop,Inta hete giorou girou (rizitiko),Nikos Xilouris,Ta radiofonika 1960-70 Vol1,1996-12-20,0,169366
K-pop,Fulwa Fe Harwa,Rajiv Raj,Kahwa Bilamlu Ae Maiya,2023-04-18,0,375405
K-pop,Motima Bauran - Pahadi,Mahesh Kumar,Motima Bauran (Pahadi),2021-08-17,0,243602
K-pop,Bewafa Suman,Kumar Pritam,Bewafa Suman,2023-09-11,0,340885
K-pop,Mohna,Ravi Raj,Mohna,2023-08-27,0,337270
K-pop,Lueur Parmi les ombres,12mé,Parmi tant d'autres,2004-06-06,0,246099
K-pop,우린 너무 쉽게 헤어졌어요,Choi JinHee,골든 히트 앨범 5,1994-01-01,0,223582
K-pop,Katun,Nameless,Miami Exclusive Big Room Selection,2017-03-27,0,327187
K-pop,Jaan Vandyo Yari,Neerja Pandit,Sangarmaal,2011-09-11,0,335374
K-pop,Amnono,Deniz Deman,Bêje,2021-03-31,0,290202
K-pop,Jeans T-Shirt Me,Satish,Ishq Mohabbat,2018-04-25,0,273066
K-pop,Desire,12mé,The A Dream,2023-12-18,0,127433
Blues,Walk My Walk,Breaking Rust,Resilient,2025-10-17,72,213159
Blues,I Believe to My Soul,Ray Charles,The Genius Sings the Blues,1961,68,181373
Blues,I Lied to You,Miles Caton,Sinners (Original Motion Picture Soundtrack),2025-04-18,63,314906
Blues,Hit the Road Jack,Ray Charles,Soul,2021-06-04,69,119880
Blues,Indigo (feat. Avery Anna),Sam Barber,Restless Mind,2024-11-01,83,286634
Blues,Through My Soul,Enlly,Shadows & Soul,2025-06-21,71,210522
Blues,Pride and Joy,Stevie Ray Vaughan,Texas Flood (Legacy Edition),1983,66,219586
Blues,I Was Wrong,Chris Stapleton,From A Room: Volume 1,2017-05-05,72,191480
Blues,In The Air Tonight,Sons of Legion,In The Air Tonight,2023-01-20,68,222000
Blues,Keep The Wolves Away,Uncle Lucius,And You Are Me,2012-08-28,78,275520
Blues,Stand by Me,Dave Fenley,Stand by Me,2022-12-31,56,181622
Blues,Howlin' for You,The Black Keys,Brothers (Deluxe Remastered Anniversary Edition),2020-12-18,66,191956
Blues,Ben - Single Version,Michael Jackson,Ben,1972-08-04,60,165160
Blues,At Last,Etta James,At Last!,1960,77,179693
Blues,Lonely Boy,The Black Keys,El Camino,2011-12-06,68,193653
Blues,Cold,Chris Stapleton,Starting Over,2020-11-13,74,309853
Blues,I'd Rather Go Blind,Etta James,Tell Mama,1968-04-18,77,156653
Blues,Forever - Bonus Track,Eric Clapton,Journeyman: Deluxe Edition,2025-11-21,34,200973
Blues,Lead Me On,Eric Clapton,Journeyman: Deluxe Edition,2025-11-21,35,349826
Blues,Hard Times,Eric Clapton,Journeyman: Deluxe Edition,2025-11-21,38,195026
Blues,That Kind of Woman - Bonus Track,Eric Clapton,Journeyman: Deluxe Edition,2025-11-21,35,236626
Blues,Before You Accuse Me,Eric Clapton,Journeyman: Deluxe Edition,2025-11-21,35,239160
Blues,Those Sweet Words,Norah Jones,Feels Like Home,2004-01-01,67,202640
Blues,Run So Far,Eric Clapton,Journeyman: Deluxe Edition,2025-11-21,36,247746
Blues,No Alibis,Eric Clapton,Journeyman: Deluxe Edition,2025-11-21,38,335733
Blues,Seven Nation Army - Remasterisée,Ben L'Oncle Soul,Ben L'Oncle Soul,2010-01-01,55,177853
Blues,Breaking Point,Eric Clapton,Journeyman: Deluxe Edition,2025-11-21,36,331853
Blues,Old Love,Eric Clapton,Journeyman: Deluxe Edition,2025-11-21,37,383453
Blues,Border Song - Bonus Track,Eric Clapton,Journeyman: Deluxe Edition,2025-11-21,36,203280
Blues,Hound Dog,Eric Clapton,Journeyman: Deluxe Edition,2025-11-21,37,147533
Blues,I Say a Little Prayer,Aretha Franklin,Aretha Now,1968-06-14,77,216773
Blues,Bad Love,Eric Clapton,Journeyman: Deluxe Edition,2025-11-21,40,310186
Blues,Pretending,Eric Clapton,Journeyman: Deluxe Edition,2025-11-21,42,283360
Blues,Running on Faith,Eric Clapton,Journeyman: Deluxe Edition,2025-11-21,39,335613
Blues,Anything for Your Love,Eric Clapton,Journeyman: Deluxe Edition,2025-11-21,40,251360
Blues,I've Got a Woman,Ray Charles,"Ray Charles (aka: Hallelujah, I Love Her So)",1957-01-01,69,171466
Blues,I Put A Spell On You,Nina Simone,I Put A Spell On You,1965-06-01,70,155026
Blues,Still Got The Blues,Gary Moore,Still Got The Blues,1990-01-01,69,370866
Blues,Cocaine,Eric Clapton,Slowhand 35th Anniversary,1977-11-01,70,221640
Blues,The Thrill Is Gone,B.B. King,Completely Well,1969-12-05,67,324733
Blues,Stuck on You,Dave Fenley,Stuck on You,2019-07-26,66,195594
Blues,Feeling Good,Nina Simone,I Put A Spell On You,1965-06-01,75,174000
Blues,Grato a ti - Harpa Cristã - Blues Gospel,Blues do Reino,"BLUES DO REINO, Vol. 1",2025-10-07,50,261319
Blues,A Lot More Free,Max McNown,Wandering (Love Me Back),2024-09-06,77,198920
Blues,Stormy Weather,Etta James,At Last!,1960,71,187666
Blues,Blues Jam,The Rolling Stones,Black And Blue (Super Deluxe),2025-11-14,38,562117
Blues,Tears Dry On Their Own,Amy Winehouse,Back To Black (Deluxe Edition),2006,73,186440
Blues,Rehab,Amy Winehouse,Back To Black (Deluxe Edition),2006,73,214946
Blues,Partiu Pro Litoral,CountryBeat,Partiu Pro Litoral,2025-11-24,0,165000
Blues,Hit the Road Jack,Ray Charles,True Genius,2021-09-10,74,119880
Blues,A Lot More Free,Max McNown,A Lot More Free,2023-08-25,70,198920
Blues,Me vs Me (Fightin' Man Blues),Aventhis,Me vs Me (Fightin' Man Blues),2025-09-19,64,225959
Blues,Smokestack Lightnin',Howlin' Wolf,Moanin' In The Moonlight,1958-03-01,62,188400
Blues,Tears Dry On Their Own,Amy Winehouse,Back To Black,2006-10-27,63,185186
Blues,Weight of Love,The Black Keys,Turn Blue,2014-05-06,64,410186
Blues,Hot Blood,KALEO,A/B,2016-06-10,64,218600
Blues,Fire Away,Chris Stapleton,Traveller,2015-05-04,74,244333
Blues,Rehab,Amy Winehouse,Back To Black,2006-10-27,64,213760
Blues,What A Diff'rence A Day Made,Dinah Washington,What A Diff'rence A Day Makes! (Expanded Edition),1959-02-19,66,151866
Blues,If You Ever Change Your Mind,New Old Blues,Hard Road Home,2025-09-06,57,257091
Blues,Livin’ on Borrowed Time,Breaking Rust,Livin’ on Borrowed Time,2025-10-14,73,204959
Blues,"Hallelujah, I Love Her So",Ray Charles,"Ray Charles (aka: Hallelujah, I Love Her So)",1957-01-01,65,155506
Blues,What A Difference A Day Made,Jamie Cullum,Twentysomething,2003-10-20,62,309693
Blues,Summertime,Ella Fitzgerald,Porgy And Bess,1958-01-01,66,298133
Blues,I Can't Stop Loving You - 2024 Remaster,Ray Charles,"Modern Sounds In Country And Western Music, Vols 1 & 2 (2024 Remaster)",1962-01-01,62,256133
Blues,Here We Go Again,Ray Charles,Genius Loves Company,2004-08-31,64,238750
Blues,To Zion (feat. Carlos Santana),Ms. Lauryn Hill,The Miseducation of Lauryn Hill,1998-08-25,63,369293
Blues,Ain't No Love In The Heart Of The City - Single Version,"Bobby ""Blue"" Bland",Dreamer,1974-01-01,66,233560
Blues,Boom Boom,John Lee Hooker,Urban Blues (Expanded Edition),1967-03-22,57,160560
Blues,You Get To Me,Foy Vance,From Muscle Shoals,2019-06-28,58,240637
Blues,Cheek To Cheek,Ella Fitzgerald,The Complete Ella And Louis On Verve,1997-05-20,63,354533
Blues,Cheek To Cheek,Ella Fitzgerald,Ella and Louis,1956-10-01,64,353266
Blues,A Sunday Kind Of Love,Etta James,At Last!,1960,71,196133
Blues,Black Creek,Brent Cobb,No Place Left to Leave (2006),2020-02-07,73,212453
Blues,Riding With the King,Eric Clapton,Riding With The King,2000-06-13,56,264240
Blues,Magnolia,Eric Clapton,Eric Clapton & Friends: The Breeze - An Appreciation Of JJ Cale,2014-01-01,60,221693
Blues,Help Me,Sonny Boy Williamson II,More Real Folk Blues,1966-08-03,59,188200
Blues,Mannish Boy,Muddy Waters,King Of The Electric Blues,1977,63,321133
Blues,My Babe,Little Walter,The Essential Little Walter,1993-06-08,58,162040
Blues,"Cold, Cold Feeling",Albert Collins,Ice Pickin',1978-01-01,58,318840
Blues,O bondoso amigo,Blues do Reino,Harpa Cristã - Vol.3,2025-11-13,34,223279
Blues,No Good,KALEO,A/B,2016-06-10,68,234240
Blues,ADORAÇÃO 124 (BLUES),SOM DA PALAVRA,BLUES HARPA CRISTÃ - VOL.4,2025-09-30,44,307679
Blues,The Thrill Is Gone,B.B. King,Deuces Wild,1997-11-04,62,301133
Blues,Spooky,Dusty Springfield,Dusty... Definitely (Expanded Edtion),1968-11-22,71,164173
Blues,Soulman - New English Version,Ben L'Oncle Soul,Ben L'Oncle Soul,2010-01-01,54,222466
Blues,Money Is the Name of the Game,Buster Benton,Blues & Trouble (Blues Reference 1983-1985),1985,56,364520
Blues,JESUS O MELHOR AMIGO 324 (BLUES),SOM DA PALAVRA,BLUES HARPA CRISTÃ - VOL.6,2025-11-13,21,237879
Blues,Something's Got A Hold On Me,Etta James,Heart & Soul: A Retrospective,2011-10-18,68,169746
Blues,BREVE VEREI O BOM JESUS 442 (BLUES),SOM DA PALAVRA,BLUES HARPA CRISTÃ - VOL.6,2025-11-13,22,211319
Blues,FIRME NAS PROMESSAS 107 (BLUES),SOM DA PALAVRA,BLUES HARPA CRISTÃ - VOL.6,2025-11-13,23,279879
Blues,Saudosa Lembrança - Harpa Cristã - Blues Gospel,Blues do Reino,"BLUES DO REINO, Vol. 1",2025-10-07,45,229679
Blues,Lonely Boy - 2021 Remaster,The Black Keys,El Camino (2021 Remaster),2011,68,193679
Blues,Ain't No Sunshine,Lighthouse Family,Greatest Hits,2002-01-01,59,221333
Blues,"It's A Man's, Man's, Man's World",James Brown & The Famous Flames,It's A Man's Man's Man's World,1966-08-01,67,167373
Blues,Plena Paz - Harpa Cristã - Bleus Gospel,Blues do Reino,"BLUES DO REINO, Vol. 1",2025-10-07,46,274960
Blues,Guarda o contato - Harpa Cristã - Blues Gospel,Blues do Reino,"BLUES DO REINO, Vol. 1",2025-10-07,48,238679
Blues,My Baby Just Cares For Me,Nina Simone,Sinnerman,1965-10-01,66,215039
Blues,Slightly Hung Over,Blues Delight,Rock Island Line,2006-11-27,60,285506
Blues,Trouble Sleeping,Corinne Bailey Rae,Corinne Bailey Rae,2006-01-01,59,208733
Soul,So Easy (To Fall In Love),Olivia Dean,The Art of Loving,2025-09-26,94,169000
Soul,Tô na Brasilia com o Zigão,DJ Zigão,Tô na Brasilia com o Zigão,2025-09-08,81,155307
Soul,Até Quebrar a Cama 2.0,cjnobeat,Até Quebrar a Cama 2.0,2025-07-24,78,132170
Soul,Tua Ex É uma Delícia,Anderson Neiff,Tua Ex É uma Delícia,2024-12-23,71,197425
Soul,Montagem Sarra Sarra,Mc RN Original,Montagem Sarra Sarra,2025-11-05,71,107855
Soul,FAMOSINHA,Dj Caio Vieira,FAMOSINHA,2025-02-28,85,133384
Soul,3 Dias Virado,Mc IG,Só Explosão,2017-12-22,71,207157
Soul,Ela É do Tipo,MC Kevin o Chris,Ela É do Tipo,2019-03-07,70,204930
Soul,Man I Need,Olivia Dean,Man I Need,2025-08-15,96,184000
Soul,Tipo Nino Abravanel,DJ Gouveia,Tipo Nino Abravanel,2025-01-23,70,131076
Soul,Tipo Insta do Buzeira,Jhow,Tipo Insta do Buzeira,2025-07-10,70,101514
Soul,Ele Carrega Minha Bolsa,dj andreoli,Ele Carrega Minha Bolsa,2025-09-02,70,133370
Soul,Trilogia 150,MC Roger,Trilogia 150,2019-06-14,71,129645
Soul,Bandido problemático,Dj Gustomares,Bandido problemático,2025-07-25,73,162461
Soul,Observando Essa Salada,MC Cebezinho,Observando Essa Salada,2025-01-22,70,181644
Soul,Se Essa Bunda For Uma Empresa,Chefin,Se Essa Bunda For Uma Empresa,2025-02-18,70,162461
Soul,Penélope Charmosa 2,Boladin 211,Penélope Charmosa 2,2024-09-27,72,171692
Soul,Amantes da Foda,Mc Rodrigo do CN,Amantes da Foda,2022-03-25,70,81230
Soul,Gaiola É o Troco,MC Du Black,Gaiola É o Troco,2019-06-07,71,187245
Soul,Fica De Quatão,DJ Biel Divulga,Fica De Quatão,2025-03-27,74,133615
Soul,"SEM FRESCURA SEM PIRRACA, SEM MIMIMI",Mc Rodrigo do CN,"SEM FRESCURA SEM PIRRACA, SEM MIMIMI",2025-09-01,71,112528
Soul,SENTA POCA (POSSO ATÉ NÃO TE DAR FLORES),Dj Luan Gomes,SENTA POCA (POSSO ATÉ NÃO TE DAR FLORES),2025-10-20,70,96000
Soul,Macetada nas do Job,Mc Rodrigo do CN,Macetada nas do Job,2024-06-08,72,162461
Soul,Senta Poca,MC Meno K,Senta Poca,2025-10-21,72,219230
Soul,Oh Garota Eu Quero Você Só Pra Mim.,Oruam,Oh Garota Eu Quero Você Só Pra Mim.,2024-12-17,73,166861
Soul,BOA NOITE (CHEGUEI),THEUZZIN,BOA NOITE (CHEGUEI),2025-09-12,74,159777
Soul,Faz assim,Prod Gomes,Os Dois Lados Da Moeda,2025-08-02,76,149333
Soul,Esquadrilha da Fumaça,Mc Jacaré,Esquadrilha da Fumaça,2025-10-24,72,139038
Soul,Terapia,Mc Jacaré,De Norte a Sul,2025-11-21,42,134769
Soul,Tudo Aconteceu,MC Du Black,Tudo Aconteceu,2020-02-07,72,155124
Soul,MTG Perna Bamba X Piranhas do Helipa,Detagaz,MTG Perna Bamba X Piranhas do Helipa,2024-08-16,75,108923
Soul,Meu Carro nao tem Porta Luva - Remastered 2024,DJ NATAN 22,Meu Carro nao tem Porta Luva (Remastered 2024),2024-11-12,74,159999
Soul,Pirocada Quente,MC Jvila,Pirocada Quente,2025-01-28,77,195692
Soul,Esquadrilha da Fumaça,Mc Jacaré,De Norte a Sul,2025-11-21,43,139038
Soul,Senta e Cala a Boca,Mc Jacaré,De Norte a Sul,2025-11-21,47,147221
Soul,Descer,Kew,Descer,2025-01-30,76,111653
Soul,Cada Vez Mais Gostosa,Dj Tchouzen,Cada Vez Mais Gostosa,2023-04-13,71,133846
Soul,MTG NA IMAGINAÇÃO - TOPO SESSIONS VOL. 1,DJ TOPO,MTG NA IMAGINAÇÃO (TOPO SESSIONS VOL. 1),2024-09-13,76,144923
Soul,Morena da Bunda Grande,Mc Rodrigo do CN,Morena da Bunda Grande,2025-11-21,31,103846
Soul,Sequência da Botação,DJ Ryder,Sequência da Botação,2025-03-21,76,145777
Soul,Construção de Amor,DJ CZ,Construção de Amor,2025-08-01,75,129229
Soul,Puto Prostituto,Mc Rodrigo do CN,Puto Prostituto,2025-11-12,35,142900
Soul,Puta É Só um Detalhe,DJ Douglinhas,Puta É Só um Detalhe,2024-10-14,72,158827
Soul,Tipo Nino Vs Kabrinha,DJ Biel Divulga,Tipo Nino Vs Kabrinha,2025-05-31,78,201230
Soul,Rebolando,Kew,Rebolando,2025-04-30,72,106685
Soul,Senta Olhando Pra Mim,DJ Arana,M.B.D.T,2025-06-20,75,119720
Soul,Teu Preferido,DJ BRIZY,Teu Preferido,2025-05-16,74,136153
Soul,Encosta na Parede,Mc Pedrinho,Encosta na Parede,2025-03-07,74,131822
Soul,VAI NO CHÃO BANDIDA,Dj Guuh,VAI NO CHÃO BANDIDA,2024-10-15,77,140307
Soul,Senta e Cala a Boca,Mc Jacaré,Senta e Cala a Boca,2025-02-04,74,147221
Soul,Salienciazinha,Mc Gimenes,Salienciazinha,2025-10-05,65,111655
Soul,Vidrado Em Você,Dj Guuga,Vidrado Em Você,2019-06-11,78,134769
Soul,Sigilinho,cjnobeat,Sigilinho,2025-10-09,66,122583
Soul,"Bonita, Lindinha e Sagaz",Mc Davi,"Bonita, Lindinha e Sagaz",2018-01-18,64,155076
Soul,50 Tons,MC Du Black,50 Tons,2019-09-06,65,172852
Soul,De 10 Mulher 11 É Maluca,MC Saci,De 10 Mulher 11 É Maluca,2023-10-18,64,115384
Soul,Cara Bacana,MC G15,Cara Bacana,2017-05-03,65,232727
Soul,Eu Tô Fazendo uma Mágica,Gordinho Bolado,Eu Tô Fazendo uma Mágica,2025-08-01,72,151270
Soul,Irmã Gostosa,Mc Livinho,Irmã Gostosa,2018-02-07,64,187951
Soul,Evoluiu,MC Kevin o Chris,Evoluiu,2019-03-15,66,179644
Soul,Maldita de Ex,Mc Leozin,Maldita de Ex,2019-06-27,65,164257
Soul,Pra Inveja É Tchau,Mc Kevin,Pra Inveja É Tchau,2018-06-07,65,173233
Soul,Aquariano Nato,MC Saci,Funktroit,2023-07-25,66,116307
Soul,O BUENO É O CACIQUE x VAI TOMAR FLECHADA,Dj Tchouzen,O BUENO É O CACIQUE x VAI TOMAR FLECHADA,2025-08-18,70,117230
Soul,Set do G15 - A Revoada Começou,MC G15,Set do G15 - A Revoada Começou,2022-04-20,66,542000
Soul,Se Concentra e Senta,MC Menor da VG,VG Sessions - Vibe em Ilhabela,2022-11-28,67,177230
Soul,"Ela Vem, Brota no Meu Setor",DJ Zigão,"Ela Vem, Brota no Meu Setor",2024-07-20,65,166269
Soul,Joga Nele - Remix,MC Marcelly,Joga Nele (Remix),2025-10-24,67,109461
Soul,Vou Raspar Seu Bigodin,Mc Dricka,Vou Raspar Seu Bigodin,2025-01-17,65,104000
Soul,Set do DJ Pedro 2.0,MC Rodolfinho,Set do DJ Pedro 2.0,2020-03-15,64,247741
Soul,Do Jeito Que Você Mete,DJ L30,Do Jeito Que Você Mete,2024-02-20,66,120950
Soul,Hoje Eu Vou Parar Na Gaiola,Mc Livinho,Hoje Eu Vou Parar Na Gaiola,2018-10-17,68,177093
Soul,Postura de Bandido Mau,Mc Anjim,Tropa 7Lc,2019-12-01,64,180976
Soul,Toma Karen (Arrochadeira),MC Fabinho da Osk,Toma Karen (Arrochadeira),2024-07-12,64,148338
Soul,Vem Novinha pro Cafofo,Trovão no Beat,Vem Novinha pro Cafofo,2024-11-22,66,158720
Soul,Faz o M,Mc Fantaxma,Faz o M,2025-05-06,68,179234
Soul,MTG QUEM NÃO QUER SOU EU,DJ TOPO,MTG QUEM NÃO QUER SOU EU,2024-05-10,67,123692
Soul,Vamos pra Gaiola,MC Kevin o Chris,Vamos pra Gaiola,2019-01-11,68,161600
Soul,Pega Essa Chapada,DJ Dozabri,Pega Essa Chapada,2025-07-17,67,125538
Soul,Eu Vou Te Pegar,Mc Pedrinho,Eu Vou Te Pegar,2018-01-16,64,203012
Soul,Braba No Chá,DJ CZ,Braba No Chá,2025-04-25,66,129229
Soul,FANTASMA (versão GORDÃO DO PC),GORDÃO DO PC,FANTASMA (versão GORDÃO DO PC),2024-12-11,67,171162
Soul,Foda Selvagem,Dj Dédda,Foda Selvagem,2025-08-26,67,109090
Soul,Passa o Teu Bigode,Lukão Mec,Passa o Teu Bigode,2025-05-30,65,119244
Soul,Quando a vontade bater (Participação especial de PK Delas),Pk,Quando a vontade bater (Participação especial de PK Delas),2019-03-04,68,166400
Soul,Cachorrinha de Madame,DJ DUARTE,Cachorrinha de Madame,2025-01-10,66,147692
Soul,Fazer Falta,Mc Livinho,Fazer Falta,2017-05-25,68,210960
Soul,ME LIGOU NA MADRUGADA,DJ PK O Único,ME LIGOU NA MADRUGADA,2025-06-24,66,118875
Soul,Baile do Panta,Nego Trufa,Baile do Panta,2025-04-01,66,129229
Soul,Vem No Galope,AG031,Vem No Galope,2025-04-11,68,90771
Soul,POCPOC,PEDRO SAMPAIO,ASTRO,2024-09-04,65,127384
Soul,Terapia,Mc Jacaré,Terapia,2025-09-26,68,134769
Soul,Toma Botada,Eo Chapa,Toma Botada,2025-08-14,69,132000
Soul,Chapa Máxima,Boladin 211,Chapa Máxima,2024-12-05,68,151384
Soul,Ela É Diferenciada,MC Nito,Ela É Diferenciada,2025-11-17,1,143003
Soul,Rabetão De Terremoto,DJ CZ,Rabetão De Terremoto,2025-03-21,69,107076
Soul,Deixa Eu Mandar Meu Passinho,Dj Aguilar,Direto do Alto Vol 1,2025-02-14,69,112907
Soul,Bad Dreams,Teddy Swims,I've Tried Everything But Therapy (Part 2),2025-01-24,84,184577
Soul,Luz do Dia,MC Tuto,Luz do Dia,2025-11-21,33,159416
Soul,Ela Quer Sentar Pros Maloka,cjnobeat,Ela Quer Sentar Pros Maloka,2025-07-01,68,136442
Alternative,Semi-charmed Life,Third Eye Blind,Musica & Serie TV,2024-08-04,0,268360
Alternative,The Nearness of You,Minoo Javan,The Nearness of You,2014-11-07,0,213466
Alternative,Пролог,Год Змеи,Змеелов,2011-06-01,0,78082
Alternative,The Reflection (Intro),Saeed SheikhAmiri,Unity,2019-09-05,0,102009
Alternative,Here and Now,Letters To Cleo,90's Girl Alt-Rock,2021-09-10,0,218613
Alternative,Lipstick Lover,Janelle Monáe,Sunset - Dance Party,2023-08-25,0,169386
Alternative,abcdefu,GAYLE,Hits from the Radio 2023,2024-05-18,0,168601
Alternative,Uzağa,Ece Dorsay,Dünyamın Haritası,2015-12-09,0,213609
Alternative,Spaceman,Babylon Zoo,that's pop! 100 hits,2024-06-01,0,242493
Alternative,Make Me Feel,Janelle Monáe,Éxitos de los diez miles,2024-03-23,0,194230
Alternative,Gözlədim,ROUSTAM,Gözlədim,2020-01-15,0,230617
Alternative,Banat Banat,fayrouz Karawya,Banat Banat,2012,0,237505
Alternative,About Blank - 9:30 Cr3w Remix,Kobito,About Blank (Remixes),2016-08-02,0,206725
Alternative,"Working For The Man By Day, Stickin' It To The Man By Night",Lower Than Atlantis,World Record,2011-04-25,0,189733
Alternative,По вечным местам,Angel NeBes,Накрыло,2012-03-08,0,219802
Alternative,Lettere da sparo,Amari,Gamera,2003-01-01,0,212186
Alternative,abcdefu (chill),GAYLE,Softly,2022-04-01,0,176765
Alternative,Afronaut,Left,Turn,2024-03-15,0,187503
Alternative,Swim,Chase Atlantic,Bops After Bops,2023-03-15,0,228786
Alternative,Elly Ramony Fik,fayrouz Karawya,Elly Ramony Fik,2016,0,226433
Alternative,F O R G E T Y O U,Lucifr,F O R G E T Y O U,2020-11-13,0,166974
Alternative,Лепестки,Dekabr,Зимняя сказка,2003-01-01,0,225200
Alternative,Fly,Farhad Harati,Gray Lone,2010-08-21,0,285226
Alternative,Who's Counting?,Screamfeeder,Introducing: Screamfeeder (Singles & More 1992-2004),2004-08-01,0,210666
Alternative,How the Rockafellas Went to Hollywood - Remixed 2021,Die Toten Hosen,"Learning English, Lesson 1: 1991 - 2021: Die 30 Jahre-Jubiläumsedition (Remixed 2021)",1991,0,18450
Alternative,Гонщик,Год Змеи,Плагиат,2009-05-13,0,140202
Alternative,Heard A lot of Talk,Flip,Walk A Day In My Shoes pt.1,2007-01-01,0,120506
Alternative,Miss U,Lucifr,Epiphany,2020-04-16,0,113867
Alternative,One Broken Morning (Remastered),Screamfeeder,Take You Apart (Deluxe Edition),2020-04-30,0,234997
Alternative,"Görürəm, Bilirəm",Eldar Mansurov,Eldar Mansurov'un Mahnıları,2021-02-15,0,256203
Alternative,Match,Motta,The Cage - Nella Gabbia (Original Soundtrack),2024-03-05,0,29340
Alternative,Orbit,Rozencrantz,Reapercussion,2014-10-17,0,226853
Alternative,Ice Patrol,Screamfeeder,Patterns Form,2018-04-21,0,268773
Alternative,A Falling Bomb,Lucifr,At Least I Tried,2023-06-30,0,210625
Alternative,Pets,Porno for Pyros,The 90s,2018-09-28,0,216733
Alternative,Te Vagy A Csap,Amorf Ördögök,Valami Más / Tenisz,1996-10-01,0,123960
Alternative,Дорога к дому,Angel NeBes,Накрыло,2019-10-08,0,326571
Alternative,Take You Home,Sussan Deyhim,Take You Home,2020-02-14,0,324521
Alternative,Shecdoma Shecdomas Gavs,Vaqo,Live In Tbilisi II,2021-08-09,0,398275
Alternative,Idols 偶像,Rainbow Chan,Heavy 沉重,2021-11-04,0,239104
Alternative,Seer,Hassan Ramzy,Roh,2022-10-23,0,228116
Alternative,7 дней,Angel NeBes,7 дней,2015-12-31,0,177060
Alternative,Shoulder,Olivia Ambani,The Awakening,2020-04-09,0,189824
Alternative,Wake Me Up,Foals,Feelgood 20's,2023-02-01,0,263658
Alternative,Hell and High Water - Acoustic,Black Stone Cherry,OPEN MIC NIGHT: Boys Edition,2023-07-21,0,265226
Alternative,Zdarlight - Fedde Le Grand & Deniz Koyu Remix,Digitalism,Marquee,2013-03-18,0,383085
Alternative,Heart Is Breaking - Royce Rolls Remix,Ty,Heart Is Breaking,2010-08-30,0,360582
Alternative,You Want To Keep Going? (Interlude),SYTË,"You Know That, Right?",2023-11-03,0,22000
Alternative,Napuštene lađe (feat. Milorad Ristić),Zoran Radovic,Stereo Ikar,2010-04-02,0,327235
Alternative,"Charity, Chastity, Prudence, and Hope",Hüsker Dü,Punk Riot: USA,2020-06-26,0,195093
Alternative,A'int Listening,Red Handed,Red Tape,2020-09-04,0,177815
Alternative,Private Dancer,The Blackeyed Susans,Dedicated To The Ones We Love,2001-12-18,0,215306
Alternative,Different,Amycanbe,"Pop Evolution, Set 14",2021-09-10,0,323913
Alternative,Feel Good Inc,Gorillaz,Halloween - partysongs and spooky tracks,2023-09-30,0,222640
Alternative,Get Closer,Amycanbe,"Alt-Pop, Set 12",2021-09-10,0,175871
Alternative,Semi-Charmed Life,Third Eye Blind,90s Mega Pop,2022-02-25,0,268360
Alternative,Seninle,Ece Dorsay,Dünyamın Haritası,2015-12-09,0,229337
Alternative,Dance Scream,Rico Nasty,Break a Sweat,2024-04-18,0,124353
Alternative,San Letnje Noci,Popcycle,Popcycle - Popcyclopedia,2010-10-11,0,239920
Alternative,Predickle Me,Frenzal Rhomb,Forever Malcolm Young,2016-10-21,0,18146
Alternative,Pepper,Screamfeeder,Flour (Deluxe Edition),2014-05-20,0,146085
Alternative,While We Are Here,The Two Romans,Everything.now! (Extended),2020-10-16,0,217833
Alternative,Bahar Benim,Hasret,Yalnızım,2019-04-29,0,200000
Alternative,Formentera,I Camillas,Mi scrocchia il cuore,2023-06-05,0,23585
Alternative,Second Thought,ermhoi,Junior Refugee,2015-12-16,0,332186
Alternative,Black Paintings,Heartlapse,Black Paintings,2022-12-02,0,185187
Alternative,Lipstick Lover,Janelle Monáe,Summer Party Playlist 2023,2024-05-21,0,169386
Alternative,Habits,Genevieve Stokes,Miss You - Going Viral,2022-11-18,0,136733
Alternative,The City,Selim Arjoun,Khattaf (Original Motion Picture Soundtrack),2024-04-08,0,152160
Alternative,Tulip fields,The Ways,Casual,2010-01-07,0,268040
Alternative,Three Way Punishment,Screamfeeder,Fill Yourself With Music,2011-09-05,0,182066
Alternative,Mouth To Mouth,The Blackeyed Susans,Reveal Yourself 1989 – 2009,2009-10-30,0,263426
Alternative,[bucefał forte] skit,Hans Solo,Poprawna Praca Serca,2019-06-11,0,15270
Alternative,C'è Na Casa Rutta A Notu,Cesare Basile,C'è Na Casa Rutta A Notu,2024-04-08,0,254558
Alternative,Delusions of Grandchildren,Screamfeeder,Delusions of Grandchildren,2005-06-04,0,104786
Alternative,Copy the Pasting,Lacson,1234567Days (Special Edition),2014-10-03,0,202816
Alternative,Semi-charmed Life - 2006 Remaster,Third Eye Blind,hits of the 90's,2024-05-30,0,268640
Alternative,Float (feat. Seun Kuti & Egypt 80),Janelle Monáe,Global Festivals 2024,2024-07-12,0,242166
Alternative,Emotions - Daz I Que Remix,Ty,Emotions,2010-03-16,0,267560
Alternative,Too Far,Red Handed,Red Tape,2020-09-04,0,140930
Alternative,Something to Die For (Stripped),The Sounds,Something To Die For,2011-03-29,0,254706
Alternative,Willow Tree Yard,"Not Drowning, Waving",Through The One Last Door,2005-03-06,0,248533
Alternative,Build a Bitch,Bella Poarch,แมสต่อไม่รอแล้วนะ,2024-05-09,0,122772
Alternative,Hajmedet,Pinkmetal,Lule e prisht,2017-03-31,0,176293
Alternative,Заговор,Deti Picasso,Глубина,2006-10-10,0,234428
Alternative,Salat Taghour - Live,Mike Massy,Naseej (Live Concert at the Zouk Mikael International Festival),2016,0,486720
Alternative,Cafeteria Bab,Taner Öngür,Water Cycle (An Instrumental Guitar Trip from Istanbul),2020-10-23,0,149835
Alternative,No More,Olta,Olta 5,2021-03-05,0,271384
Alternative,Авианосцы,Deti Picasso,Герда,2010-11-11,0,218128
Alternative,Meilleure Vie,Dikey,Moiteur,2020-08-28,0,304999
Alternative,Facing North - Acoustic,Nick Barker,C-Sides,2005-10-01,0,193733
Alternative,Ela Rogouak,fayrouz Karawya,Ela Rogouak,2021-01-16,0,247692
Alternative,In the Belly of a Shark,Gallows,New Millennium Rock,2017-07-10,0,161866
Alternative,Feel Good Inc,Gorillaz,Hip-Hop Party Bangers 2024,2024-07-25,0,222640
Alternative,Bravo - Live,Mike Massy,TaraTour (Live),2020-02-21,0,326642
Alternative,Introduction (Vatan) [Live],Ziba Shirazi,Ziba Shirazi Live In Concert,1999-09-01,0,28970
Alternative,Дисплей (Instrumental),КОПЕНGАGЕН,ФЕНИКС,2022-03-18,0,216947
Alternative,Daft Punk Is Playing at My House,LCD Soundsystem,Dorm Room: Electronic,2021-01-22,0,201720
Alternative,abcdefu (chill),GAYLE,Twenties Chill,2023-08-16,0,176765
Alternative,Let’s Dance to Joy Division,The Wombats,Soccer Hits 2023,2023-09-21,0,191293
Instrumental,Coverage,MATSU,"テクノ, Vol. 46 -Instrumental BGM- by Audiostock",2022-02-02,0,149112
Instrumental,兒童嘉年華,創時代音樂,正義曙光,2018-07-10,0,158589
Instrumental,Memories of School,The Sleepy Guitar,Pluck the String,2022-10-28,0,181146
Instrumental,Athyunnathamaina,Naveen Kumar,Celebration 2021,2021-10-04,0,349523
Instrumental,Woodland Nymph Nocturne,Healing Energy,睡眠の質を高める眠りサウンド 〜究極の眠りをあなたに〜,2024-04-18,0,259491
Instrumental,Raga Marwa,Ronu Majumdar,Young Masters,1992-01-01,0,1815480
Instrumental,サマータイム,HANI,夏JAZZ・・・サマー・サンバ,2015-07-08,0,196013
Instrumental,Pumpkin Halloween Orchestra,3KTrack,This is Halloween by Audiostock -ハロウィンを盛り上げるベストBGM-,2021-10-06,0,156964
Instrumental,Orchestral Majestic Fantasy,harryfaoki,Various Music Collection Vol.2 -Selected & Music-Published by Audiostock-,2022-10-28,0,45107
Instrumental,Sorrow 2,MATSU,メランコリックなバラードBGM,2020-09-30,0,133090
Instrumental,Hallelujah,The O'Neill Brothers Group,Forrest Gump Feather Theme: Instrumental Piano Songs,2013-05-21,0,237332
Instrumental,ミッキーマウス・マーチ (ぐっすり眠れるピアノ2重奏),スイートピアノ・メロディーズ,ぐっすり眠れる癒しのピアノ2重奏 Vol.2 ～ディズニーサウンド～,2021-09-14,0,166191
Instrumental,Your father threatening danger,Khaled Hammad,Abo Nassab (Original Motion Picture Soundtrack),2024-01-01,0,93165
Instrumental,"Lullaby of the stars, sing me to sleep",Healing Energy,心地よい眠り 〜静な旋律が安らぎへと誘う〜,2024-06-21,0,180000
Instrumental,Jazz1,MoppySound,Cocktail Jazz -リラックスしながら仕事に集中できるラウンジジャズBGM-,2021-01-20,0,121821
Instrumental,little - jingle.ver,KK,Collection of BGM with gentle atmosphere,2022-05-26,0,16326
Instrumental,Feeling Lonely,Ho Si Qiang,Essential of Oriental Beauty,2022-03-31,0,244990
Instrumental,木漏れ日,zomap,ソロピアノ Vol.10 -Instrumental BGM- by Audiostock,2020-10-07,0,89166
Instrumental,Peaceful Easy Feeling,Steven C,"Graduation Music Featuring Pomp & Circumstance, I Hope You Dance, Imagine & More!",2015-01-21,0,260892
Instrumental,El Pataleo,Jaime Llano González,Alegre Y Colombiano,1980-04-16,0,162298
Instrumental,白鳥,Moonlight Jazz Blue,ムーンライト・ハロウィン・ジャズ・タウン,2016-10-26,0,126623
Instrumental,イージーゲーム(オリジナル：natsum)[acoustic piano],MTA,SNS hits vol.1,2021-12-27,0,185759
Instrumental,I'm with You,Steven C,"Essential Pop Hits on Piano, Vol. 3",2022-01-21,0,174522
Instrumental,云水净心 - 优美轻音乐,夏小桃,自然道法 上善若水 静心佳音,2022-12-11,0,100604
Instrumental,Tazmania,C-Lance,The Lost Souls Of Madrid,2021-03-12,0,177606
Instrumental,Puppy Love,Ocean Media,"Good Memories, Vol. 6",1995,0,160306
Instrumental,The Rose,The O'Neill Brothers Group,For Sentimental Reasons - First Dance Wedding - Wedding Reception - Wedding Dance,2011-06-29,0,226892
Instrumental,I've Found a Friend In Jesus,Meteoric Stream,There Is Sunshine in My Soul Today,2017-03-24,0,176469
Instrumental,Mehandi Ro Rang Laago,Bundu Khan,Hichki,2022-08-30,0,568051
Instrumental,Danny's Song,Steven C,"Ultimate Pop Hits: 20 Instrumentals, Vol. 7",2022-10-21,0,172574
Instrumental,Purple Rain,HANI,Relax Deeply・・・深い睡眠と瞑想のための音楽,2011-11-23,0,356160
Instrumental,Rêverie au Milieu des Fougères,Le Sommeil,Le Pouls de L'apaisement,2023-12-14,0,162312
Instrumental,The final showdown,Khaled Hammad,El Bab El Akhdar (Original Motion Picture Soundtrack),2023-01-04,0,225621
Instrumental,Quiet Time on Rainy Days,Healing Energy,ファンタジー・ピアノ 〜おやすみと心の安らぎ癒しピアノ〜,2022-10-28,0,185000
Instrumental,Fading Night Clouds,Amr Ismail,El Ghaba,2020-07-23,0,74000
Instrumental,Fado Da Nostalgia - Live,Rão Kyao,Viva O Fado (Ao Vivo No Amália) [Live],1996-01-01,0,238466
Instrumental,Bisyare,zomap,POPS -upbeat- Vol.6 -Instrumental BGM- by Audiostock,2020-09-23,0,243500
Instrumental,Pathetic Failure,Kohrogi,Various Music Collection Vol.18 -Selected & Music-Published by Audiostock-,2023-03-27,0,60000
Instrumental,Fireworks,Zakir Hussain,The 5 Elements Agni Fire,2021-06-17,0,65719
Instrumental,Summertime,The O'Neill Brothers Group,Instrumental Piano Songs: Forrest Gump Feather Theme,2013-04-22,0,289732
Instrumental,Try a Little Tenderness,The O'Neill Brothers Group,Instrumental Background Music: Coffee House,2013-08-26,0,199737
Instrumental,Between Stars,Japanese Relaxation and Meditation,Japanese Relaxation Sounds,2015-12-09,0,413642
Instrumental,I Love You That's All,Amr Ismail,Best Freinds Original Motion Picture Soundtrack),2022-03-08,0,176000
Instrumental,Aurora,Lines in Space,Aurora,2020-06-19,0,252000
Instrumental,"Breathe on Me, Breathe of God - Piano Hymn",Meteoric Stream,Pentecost Piano Hymns,2017-03-14,0,160532
Instrumental,空蝉の灯,すもち,The 和風BGM 4 -Japanese Relaxing BGM- 箏や尺八、篠笛などの日本の伝統的な,2023-07-04,0,224279
Instrumental,The Myriad Colours Of Krishna,G.S Rajan,Colours of Krishna,2003-01-01,0,260920
Instrumental,生命の灯火,harryfaoki,夜の読書タイムに -Acoustic Night BGM-,2024-08-22,0,154228
Instrumental,"Franklin Mountain Dreamscape, Pt. 1",Eddie Lewis,A Not so Distant Pass,2014-09-15,0,199000
Instrumental,Beyond the Realm of Time (Sound Bath),Healing Energy,安らかな睡眠と瞑想のためのサウンドバス,2024-08-02,0,286829
Instrumental,Rain's Melody,Healing Energy,自然の癒し 〜心と体を癒す自然の力〜,2024-08-09,0,214390
Instrumental,Sad Friday - Instrumental,Eddie Fernandez,"Worship Time, Vol. 7",2017-08-31,0,272613
Instrumental,Chatunga,Jaime Llano González,Alegre Y Colombiano,1980-04-16,0,159895
Instrumental,Unlearn,Zen Gaya,A Perspective Shift,2023-09-01,0,76877
Instrumental,Conch Shell,Japanese Relaxation and Meditation,Japanese Relaxation & Meditation,2015-10-14,0,319956
Instrumental,The Muffin Man,Meteoric Stream,Children's Nursery Rhymes Piano Album,2017-02-28,0,209084
Instrumental,Dear Liza - Harp Instrumental,Meteoric Stream,Children Harp Collections,2017-09-25,0,109816
Instrumental,Quiet Water,Japanese Relaxation and Meditation,Relaxation and Meditation Awakening,2015-12-20,0,414576
Instrumental,Thunder,Bow and Ivory,Cover Sessions Volume 4,2023-03-24,0,181428
Instrumental,Believe in,MATSU,はじまりの朝 -Music For Sunny Day-,2021-01-13,0,219255
Instrumental,Infinite Descent,Japanese Relaxation and Meditation,# Peaceful Minds,2019-09-23,0,122517
Instrumental,Miracles - Piano Instrumental,Meteoric Stream,Cobalt,2017-03-14,0,228386
Instrumental,Another World,Christopher West,Deep Relaxation,2010-10-12,0,247653
Instrumental,Clockwork Toy,すもち,"ファンタジー, Vol. 17 -Instrumental BGM- by Audiostock",2021-12-30,0,149324
Instrumental,Izayoi,春日章宏,和風 Vol.9 -Instrumental BGM- by Audiostock,2020-09-30,0,139000
Instrumental,独奏夏,漉餡,"ソロピアノ, Vol. 104 -Instrumental BGM- by Audiostock",2022-09-30,0,139875
Instrumental,Zelda 3 - Boss Theme,Thomas Shell,The Legend of Zelda: A Link to the Past,2017-02-17,0,54299
Instrumental,Souffle du Crépuscule,Le Sommeil,Temps Flottant,2024-04-28,0,162312
Instrumental,The Color of Sakura,3KTrack,桜にまつわるインストゥルメンタルBGM -Theme Of SAKURA-,2021-03-10,0,179307
Instrumental,Forest Tunes for Sleep pt. 2,Loud Lullaby,2022 Sea Soothing,2022-09-18,0,106000
Instrumental,Rock of Ages Cleft for Me,Viktor Dick,"Christian Hymns & Chorals, Vol. 6",2017-08-01,0,206564
Instrumental,Lavender Dreamscape (Deep Sleep),Healing Energy,ディープスリープ・サウンドバス 〜安眠のための癒しのサウンド〜,2024-07-11,0,240000
Instrumental,再別夢境,創時代音樂,再別了夢境,2023-04-29,0,200125
Instrumental,Dive into the ocean of calm within,Healing Energy,作業用瞑想音楽 〜マインドフルネスで気づきを養う〜,2024-06-21,0,255249
Instrumental,Come Thou Fount of Every Blessing,David Erwin,Inspirational Guitar Devotions,2013-01-01,0,215893
Instrumental,The Searcher,Japanese Relaxation and Meditation,White Noise General Relaxation,2019-09-23,0,136905
Instrumental,The Sound Of Paradiddle,Jürg Kindle,The Virginia Guitar Trios,2016,0,182162
Instrumental,Anohi no Sora of Inanna - Solfeggio 528 - Impro 220822,Shintaro Aoki,Anohi no Sora of Inanna (Solfeggio 528) [Impro 220822],2022-08-23,0,108813
Instrumental,Beethoven's Sonata No 15 in D Major Op 28 Pastoral IV Rondo Allegro Ma Non Troppo,Piano Pianissimo,14 Classical Hits for Exam Study & Revision,2018-05-30,0,289942
Instrumental,We've Got Tonight,The O'Neill Brothers Group,Classic Piano Songs of the 70s,2014-01-09,0,231452
Instrumental,癒しの空間,すもち,"ソロピアノ, Vol. 86 -Instrumental BGM- by Audiostock",2022-04-14,0,222137
Instrumental,Parishudda,Naveen Kumar,Celebration 2021,2021-10-04,0,185996
Instrumental,C-Girl - Instrumental,Kaoru Sakuma,Our Youth Pops Complete Works 80's Third,2023-11-08,0,254346
Instrumental,いつかまた,harryfaoki,Various Music Collection Vol.12 -Selected & Music-Published by Audiostock-,2023-05-26,0,116321
Instrumental,Thumri in Raga Khammaj,Sabir Khan,The Quest,2001-08-01,0,814600
Instrumental,Natural Woman,The O'Neill Brothers Group,Instrumental Pop Songs on Acoustic Guitar: Daughters,2013-04-29,0,182322
Instrumental,踢踏舞會,創時代音樂,世界峽谷,2018-07-07,0,148819
Instrumental,Phasing Spirit,Japanese Relaxation and Meditation,Contemplative White Noise,2019-07-22,0,130143
Instrumental,こしがおもい,Kohrogi,POPS Vol.25 -Instrumental BGM- by Audiostock,2020-10-07,0,125825
Instrumental,New Rules,Instrumental Worship Project,Worship Sense Instruments,2022-03-12,0,87928
Instrumental,Hubballi Siddarooda,Shankar,Sadguruve Sharanu Siddarooda Sharanu Bhakthi Geethegallu,2017-08-04,0,486623
Instrumental,Musique pour dormir rapidement et profondément,Le Sommeil,S'adapter à Tout,2022-11-08,0,174000
Instrumental,LA LA LA IT'S LOVE - music box ver.,Moonlight Jazz Blue,Korean Drama Theme Songs -The Music Box- (International Version),2021-03-26,0,174136
Instrumental,"Grande Tu És, Ó Pai",Congregar,"Coletânea: Hinos Ccb, Vol. 09",2021-08-04,0,262125
Instrumental,Canon In D,Martin Bloch,White Christmas,2017-11-17,0,393000
Instrumental,"Thaye Thiripurasundari (From ""Kurai Ondrum Illai"")",Kunnakudi Vaidyanathan,Kurai Ondrum Illai,2011-01-01,0,1526778
Instrumental,Heart of Gold,The O'Neill Brothers Group,Solo Guitar Songs: Against All Odds,2014-07-17,0,185628
Instrumental,Clear Day,Ho Si Qiang,Balance and Hypnotic Asian Style,2020-09-19,0,183421
Instrumental,Sun Kissed,Rynsa Man,Smoothstrumentals Vol.5,2020-07-28,0,301246
Instrumental,Hochzeitslied (arr. H. Pleschberger) [Wedding Song],Thomas Koschat,Folk Songs,2005-01-01,0,228813
