genero,faixa,artista,album,data_lancamento,ano_lancamento,popularidade,popularidade_norm,duracao_ms,duracao_min
Pop,APT.,ROSÉ,APT.,2024-10-18,2024,88,0.88,169917,2.83
Pop,The Fate of Ophelia,Taylor Swift,The Life of a Showgirl,2025-10-03,2025,100,1.0,226073,3.77
Pop,So Easy (To Fall In Love),Olivia Dean,The Art of Loving,2025-09-26,2025,94,0.94,169000,2.82
Pop,WHERE IS MY HUSBAND!,RAYE,WHERE IS MY HUSBAND!,2025-09-19,2025,94,0.94,196795,3.28
Pop,Set Fire to the Rain,Adele,21,2011-01-24,2011,79,0.79,242973,4.05
Pop,In Da Club,50 Cent,Get Rich Or Die Tryin',2003-02-06,2003,82,0.82,193466,3.22
Pop,Someone You Loved,Lewis Capaldi,Divinely Uninspired To A Hellish Extent,2019-05-17,2019,87,0.87,182160,3.04
Pop,SPAGHETTI,LE SSERAFIM,SPAGHETTI,2025-10-24,2025,88,0.88,172313,2.87
Pop,Gnarly,KATSEYE,Gnarly,2025-04-30,2025,88,0.88,137316,2.29
Pop,JUMP,BLACKPINK,JUMP,2025-07-11,2025,90,0.9,164718,2.75
Pop,Photograph,Ed Sheeran,x (Deluxe Edition),2014-06-21,2014,87,0.87,258986,4.32
Pop,Haegeum,Agust D,D-DAY,2023-04-21,2023,87,0.87,168926,2.82
Pop,"Good Luck, Babe!",Chappell Roan,"Good Luck, Babe!",2024-04-05,2024,90,0.9,218423,3.64
Pop,Gabriela,KATSEYE,Gabriela,2025-06-20,2025,93,0.93,197226,3.29
Pop,greedy,Tate McRae,greedy,2023-09-15,2023,88,0.88,131872,2.2
Pop,Don’t Say You Love Me,Jin,Echo,2025-05-16,2025,87,0.87,180716,3.01
Pop,Poker Face,Lady Gaga,The Fame,2008-01-01,2008,85,0.85,237200,3.95
Pop,Opalite,Taylor Swift,The Life of a Showgirl,2025-10-03,2025,96,0.96,235355,3.92
Pop,When Did You Get Hot?,Sabrina Carpenter,Man’s Best Friend,2025-08-29,2025,91,0.91,145398,2.42
Pop,Eu Me Apaixonei,Vitinho Imperador,Eu Me Apaixonei,2025-02-27,2025,85,0.85,205714,3.43
Pop,Just Dance,Lady Gaga,The Fame,2008-01-01,2008,84,0.84,241933,4.03
Pop,Who,Jimin,MUSE,2024-07-19,2024,86,0.86,170887,2.85
Pop,Killin' It Girl (feat. GloRilla),j-hope,Killin' It Girl (feat. GloRilla),2025-06-13,2025,82,0.82,148714,2.48
Pop,Wi$h Li$t,Taylor Swift,The Life of a Showgirl,2025-10-03,2025,91,0.91,207349,3.46
Pop,"Desliza (""Ólhinho"" No Corpinho)",Léo Santana,"Desliza (""Ólhinho"" No Corpinho)",2025-05-16,2025,80,0.8,146560,2.44
Pop,Somewhere Only We Know,Keane,Hopes And Fears,2004-05-10,2004,87,0.87,237146,3.95
Pop,Father Figure,Taylor Swift,The Life of a Showgirl,2025-10-03,2025,92,0.92,212777,3.55
Pop,That's What I Like,Bruno Mars,24K Magic,2016-11-17,2016,89,0.89,206693,3.44
Pop,The Scientist,Coldplay,A Rush of Blood to the Head,2002-08-27,2002,88,0.88,309600,5.16
Pop,Breakin' Dishes,Rihanna,Good Girl Gone Bad: Reloaded,2008-06-02,2008,87,0.87,200573,3.34
Pop,Man I Need,Olivia Dean,Man I Need,2025-08-15,2025,96,0.96,184000,3.07
Pop,Take on Me,a-ha,Hunting High and Low,1985-06-01,1985,87,0.87,225280,3.75
Pop,Tears,Sabrina Carpenter,Man’s Best Friend,2025-08-29,2025,92,0.92,160183,2.67
Pop,Everybody Wants To Rule The World,Tears For Fears,Songs From The Big Chair (Super Deluxe Edition),1985-02-25,1985,88,0.88,251488,4.19
Pop,Yellow,Coldplay,Parachutes,2000-07-10,2000,91,0.91,266773,4.45
Pop,Paradise,Coldplay,Mylo Xyloto,2011-10-24,2011,85,0.85,278719,4.65
Pop,Elizabeth Taylor,Taylor Swift,The Life of a Showgirl,2025-10-03,2025,93,0.93,208291,3.47
Pop,The Life of a Showgirl (feat. Sabrina Carpenter),Taylor Swift,The Life of a Showgirl,2025-10-03,2025,91,0.91,241766,4.03
Pop,Ama Um Maloqueiro,Rafa e Junior,Ama Um Maloqueiro,2025-05-22,2025,84,0.84,162580,2.71
Pop,Mãe Solteira,DG e Batidão Stronda,Mãe Solteira,2025-03-03,2025,74,0.74,144000,2.4
Pop,Ninguém Pode Saber,CountryBeat,Ninguém Pode Saber,2025-10-22,2025,76,0.76,154956,2.58
Pop,BIRDS OF A FEATHER,Billie Eilish,HIT ME HARD AND SOFT,2024-05-17,2024,95,0.95,210373,3.51
Pop,Cópia Proibida,Léo Foguete,Obrigado Deus,2024-10-26,2024,80,0.8,159480,2.66
Pop,Golden,HUNTR/X,KPop Demon Hunters (Soundtrack from the Netflix Film),2025-06-20,2025,99,0.99,194607,3.24
Pop,Olha Onde Eu Tô,Ana Castela,Let's Go Rodeo,2025-05-29,2025,77,0.77,181693,3.03
Pop,DENTRO DA LAND ROVER - Ao Vivo,Luan Pereira,"DEBAIXO DO MEU CHAPÉU, Vol. 2",2025-09-18,2025,76,0.76,159082,2.65
Pop,Mentira Estampada,Wesley Safadão,Arrocha Safadão,2024-09-06,2024,77,0.77,173206,2.89
Pop,Última Noite - Solo,Léo Foguete,Obrigado Deus,2024-10-26,2024,76,0.76,154553,2.58
Pop,Eu Vou na Sua Casa,Felipe Amorim,RomantiDog,2025-06-16,2025,81,0.81,179039,2.98
Pop,Manchild,Sabrina Carpenter,Manchild,2025-06-05,2025,86,0.86,213645,3.56
Pop,La Perla,ROSALÍA,LUX,2025-11-07,2025,90,0.9,195546,3.26
Pop,Espresso,Sabrina Carpenter,Espresso,2024-04-12,2024,85,0.85,175459,2.92
Pop,a thousand years,Christina Perri,a thousand years,2011-10-18,2011,84,0.84,285120,4.75
Pop,Eldest Daughter,Taylor Swift,The Life of a Showgirl,2025-10-03,2025,89,0.89,246356,4.11
Pop,Judas,Lady Gaga,Born This Way (International Special Edition Version),2011-05-23,2011,82,0.82,249066,4.15
Pop,If I Ain't Got You,Alicia Keys,The Diary Of Alicia Keys,2003-12-02,2003,83,0.83,228706,3.81
Pop,Gimme More,Britney Spears,Blackout,2007-10-25,2007,85,0.85,251244,4.19
Pop,Apocalypse,Cigarettes After Sex,Cigarettes After Sex,2017-06-09,2017,90,0.9,290146,4.84
Pop,End of Beginning,Djo,DECIDE,2022-09-16,2022,90,0.9,159245,2.65
Pop,Take Me To Church,Hozier,Hozier,2014-09-19,2014,83,0.83,241688,4.03
Pop,Cold Heart - PNAU Remix,Elton John,Cold Heart (PNAU Remix),2021-08-13,2021,81,0.81,202735,3.38
Pop,Woman,Doja Cat,Planet Her,2021-06-25,2021,84,0.84,172626,2.88
Pop,Side To Side,Ariana Grande,Dangerous Woman,2016-04-01,2016,83,0.83,226160,3.77
Pop,Dangerous Woman,Ariana Grande,Dangerous Woman,2016-04-01,2016,81,0.81,235946,3.93
Pop,Don't Stop The Music,Rihanna,Good Girl Gone Bad: Reloaded,2008-06-02,2008,85,0.85,267080,4.45
Pop,Life Goes On,BTS,BE,2020-11-20,2020,81,0.81,207481,3.46
Pop,How It’s Done,HUNTR/X,KPop Demon Hunters (Soundtrack from the Netflix Film),2025-06-20,2025,92,0.92,176059,2.93
Pop,like JENNIE,JENNIE,Ruby,2025-03-07,2025,88,0.88,123517,2.06
Pop,Reliquia,ROSALÍA,LUX,2025-11-07,2025,87,0.87,230240,3.84
Pop,Just Keep Watching (From F1® The Movie),Tate McRae,Just Keep Watching (From F1® The Movie),2025-05-30,2025,90,0.9,142550,2.38
Pop,I'm Not The Only One,Sam Smith,In The Lonely Hour,2014-05-26,2014,86,0.86,239316,3.99
Pop,The Dead Dance,Lady Gaga,The Dead Dance,2025-09-03,2025,84,0.84,228518,3.81
Pop,Touch,KATSEYE,Touch,2024-07-26,2024,86,0.86,129882,2.16
Pop,Actually Romantic,Taylor Swift,The Life of a Showgirl,2025-10-03,2025,90,0.9,163699,2.73
Pop,That’s So True,Gracie Abrams,The Secret of Us (Deluxe),2024-10-18,2024,90,0.9,166300,2.77
Pop,Thinking out Loud,Ed Sheeran,x (Deluxe Edition),2014-06-21,2014,84,0.84,281560,4.69
Pop,Say You Won't Let Go,James Arthur,Back from the Edge,2016-10-28,2016,86,0.86,211477,3.52
Pop,Berghain,ROSALÍA,Berghain,2025-10-27,2025,86,0.86,178853,2.98
Pop,Into You,Ariana Grande,Dangerous Woman,2016-04-01,2016,84,0.84,244453,4.07
Pop,Stay With Me,Sam Smith,In The Lonely Hour,2014-05-26,2014,83,0.83,172723,2.88
Pop,Wild Flower (with youjeen),RM,Indigo,2022-12-02,2022,81,0.81,273499,4.56
Pop,Always Remember Us This Way,Lady Gaga,A Star Is Born Soundtrack (Without Dialogue),2018-10-05,2018,85,0.85,210200,3.5
Pop,All of Me,John Legend,Love In The Future (Expanded Edition),2013-08-30,2013,86,0.86,269556,4.49
Pop,Ruin The Friendship,Taylor Swift,The Life of a Showgirl,2025-10-03,2025,89,0.89,220564,3.68
Pop,DAISIES,Justin Bieber,SWAG,2025-07-11,2025,91,0.91,176453,2.94
Pop,Sign of the Times,Harry Styles,Harry Styles,2017-05-12,2017,86,0.86,340706,5.68
Pop,Seven (feat. Latto) (Explicit Ver.),Jung Kook,GOLDEN,2023-11-03,2023,84,0.84,183550,3.06
Pop,Taste,Sabrina Carpenter,Short n' Sweet,2024-08-23,2024,87,0.87,157279,2.62
Pop,Dreams - 2004 Remaster,Fleetwood Mac,Rumours (Super Deluxe),1977-02-04,1977,89,0.89,257800,4.3
Pop,CHIHIRO,Billie Eilish,HIT ME HARD AND SOFT,2024-05-17,2024,87,0.87,303440,5.06
Pop,Toxic,Britney Spears,In The Zone,2003-11-13,2003,85,0.85,198800,3.31
Pop,Abracadabra,Lady Gaga,Abracadabra,2025-02-03,2025,82,0.82,223398,3.72
Pop,CANCELLED!,Taylor Swift,The Life of a Showgirl,2025-10-03,2025,90,0.9,211498,3.52
Pop,Only Girl (In The World),Rihanna,Loud,2010-01-01,2010,86,0.86,235493,3.92
Pop,Wood,Taylor Swift,The Life of a Showgirl,2025-10-03,2025,90,0.9,150517,2.51
Pop,Espresso,Sabrina Carpenter,Short n' Sweet,2024-08-23,2024,86,0.86,175459,2.92
Pop,Manchild,Sabrina Carpenter,Man’s Best Friend,2025-08-29,2025,88,0.88,213645,3.56
Hip-Hop,Онаподамной,Al Solo,Шик!!!,2010-04-20,2010,0,0.0,209413,3.49
Hip-Hop,Blap That Ass Up,Paris,Acid Reflex (Radio Safe Version),2008-10-28,2008,0,0.0,281426,4.69
Hip-Hop,To the Moon and Back,Bo,To the Moon and Back,2021-07-07,2021,0,0.0,182800,3.05
Hip-Hop,KEILING FANS,Mo Money,MASTER MIND,2022-07-01,2022,0,0.0,177345,2.96
Hip-Hop,Com' On,Bo,Without Borders,2010-10-10,2010,0,0.0,249533,4.16
Hip-Hop,Съзнание,Hoodini,На аванта I,2016-05-05,2016,0,0.0,189333,3.16
Hip-Hop,`t zal mich woorsj zien,Gaston,Vastelaovend van Eijsde tot de Mookerhei 18,2013-09-12,2013,0,0.0,228000,3.8
Hip-Hop,Why and New Friends,CY Muzik,Inner G4 Life,2024-02-09,2024,0,0.0,171180,2.85
Hip-Hop,Snapchat Party,K Pi$tol,No Script,2020-08-16,2020,0,0.0,148349,2.47
Hip-Hop,What Happened?,D-Weez,"Im Wus Hannin, Vol. 2",2017-11-24,2017,0,0.0,195996,3.27
Hip-Hop,Thing For Your Girlfriend,"Royce Da 5'9""",Street Hop (Clean),2009-10-20,2009,0,0.0,270186,4.5
Hip-Hop,Tudo no Amor - Remix,Jae,Trip to Rio,2016-12-02,2016,0,0.0,214117,3.57
Hip-Hop,Wanna Be Gritter,AyooLii,Knowledge,2022-11-18,2022,0,0.0,116845,1.95
Hip-Hop,HAIRCUT,AG Club,Fuck Your Expectations PT. 2,2021-04-30,2021,0,0.0,34622,0.58
Hip-Hop,Back in the day,CY Muzik,Inner G4 Life,2024-02-09,2024,0,0.0,135575,2.26
Hip-Hop,בית - Live,Z.K,ניו.זי.לנד (Live),2021-12-03,2021,0,0.0,176873,2.95
Hip-Hop,Hollywood,Gorillaz,Rescatando hits del pasado vol. 2,2024-02-28,2024,0,0.0,293493,4.89
Hip-Hop,Come on Let Go - Midnight Express Easy Mix,Checkmate,Baila Fiesta (Party House Tunes),2022-02-11,2022,0,0.0,431420,7.19
Hip-Hop,Titi Katitira,Kracbone,EGO,2020-08-09,2020,0,0.0,192026,3.2
Hip-Hop,Roulette,Sarafa,Roulette,2019-12-21,2019,0,0.0,231131,3.85
Hip-Hop,Drik Ud,Wafande,Du Ved Det (Bonus Version),2012-01-01,2012,0,0.0,196106,3.27
Hip-Hop,Changing The Locks (feat. Ashanti),Jim Jones,Capo,2011-04-05,2011,0,0.0,136146,2.27
Hip-Hop,Hung Up - Midnight Express & Mb da Funk Mix,Checkmate,"Groove Jet, Vol. 3",2023-07-21,2023,0,0.0,432030,7.2
Hip-Hop,TRUNK N FRONT,Mo Money,MASTER MIND,2022-07-01,2022,0,0.0,108360,1.81
Hip-Hop,Can't Let You Go,Ali Gatie,Día de los Enamorados,2024-05-28,2024,0,0.0,204156,3.4
Hip-Hop,Gucci Gang,Lil Pump,New Rap HITS 2023,2023-07-21,2023,0,0.0,124055,2.07
Hip-Hop,Viva La Musica,Sarafa,GOD'S PLAN,2012-05-22,2012,0,0.0,203389,3.39
Hip-Hop,Genta,E6,Days in the Pit,2017-06-30,2017,0,0.0,146076,2.43
Hip-Hop,Passenger,Just Us Guys,Passenger,2018-02-08,2018,0,0.0,175229,2.92
Hip-Hop,Xpensive - Hijo Prodigo Counterfit Edit,KC Ortiz,"Beach Street:, Vol. 2",2017-05-06,2017,0,0.0,198034,3.3
Hip-Hop,По лезвию ножа,Drug Dilla,По лезвию ножа,2019-04-25,2019,0,0.0,185148,3.09
Hip-Hop,waiting,Big Hass,lofi beats by arab producers part iii,2021-04-03,2021,0,0.0,80509,1.34
Hip-Hop,Love in the Air,Marvelous Stefan,Are You Happy?,2017-04-28,2017,0,0.0,159791,2.66
Hip-Hop,Jahanabad Jila Tok Dihi Kila,Jay Prince,Jahanabad Jila Tok Dihi Kila,2024-09-10,2024,0,0.0,214320,3.57
Hip-Hop,Misled Youth,Twan G.,Stand on Business,2024-06-02,2024,0,0.0,170276,2.84
Hip-Hop,Throne,Lyrikal Busta,NAR (New Age Rap),2019-02-01,2019,0,0.0,177893,2.96
Hip-Hop,Найти Должника - Freestyle,DELTA ARTHUR,Trappin in Ukraine,2018-04-25,2018,0,0.0,56470,0.94
Hip-Hop,La mama,TED X,La mama,2019-05-26,2019,0,0.0,196800,3.28
Hip-Hop,May Yah Bless You,TY-Serv,Don't Shoot the Messenger,2020-07-07,2020,0,0.0,251193,4.19
Hip-Hop,Watch This - ARIZONATEARS Pluggnb Remix,Lil Uzi Vert,One Hour of Rap,2023-08-16,2023,0,0.0,163139,2.72
Hip-Hop,Idvam,Sarafa,Idvam,2014-04-09,2014,0,0.0,194638,3.24
Hip-Hop,Liar,DJ Mzenga Man,Uprising Vocalist Challenge,2022-01-12,2022,0,0.0,57260,0.95
Hip-Hop,Heart No Get Brain - Hngb,Big C,Heart No Get Brain (Hngb),2021-01-12,2021,0,0.0,244773,4.08
Hip-Hop,Make It,LIL TED,FUCK DA FAME,2020-04-01,2020,0,0.0,112728,1.88
Hip-Hop,Lately - Sped Up,Jayy Brown,Lately,2023-09-15,2023,0,0.0,88730,1.48
Hip-Hop,Freestyle Friday,Mall City,Po N Flow,2020-11-01,2020,0,0.0,131735,2.2
Hip-Hop,K.O... - Instrumental,Swelto,"Conscious Beats, Vol. 1",2022-05-27,2022,0,0.0,162922,2.72
Hip-Hop,We Them Boyz feat. Mitzzo,Big Sha,Hlyab I Amfeti (Bread And Amphetamine),2007-12-18,2007,0,0.0,255198,4.25
Hip-Hop,"Tachat, Tzavar_, Chaze' (Ass, Neck,_, Chest)",Hadag Nahash,Delikates La'oznaim (Symphony To The Ears),1999-01-01,1999,0,0.0,240400,4.01
Hip-Hop,Press Play,8 Zipp,"Talk To My City, I Know They Listening",2022-11-04,2022,0,0.0,111804,1.86
Hip-Hop,DARE,Gorillaz,Arriba el ánimo,2024-04-19,2024,0,0.0,244999,4.08
Hip-Hop,The Hustle,Paris,Acid Reflex (Radio Safe Version),2008-10-28,2008,0,0.0,283106,4.72
Hip-Hop,Unheld,Bo,Long Game Short Life,2007-07-18,2007,0,0.0,250013,4.17
Hip-Hop,I Do,Delta,Delta Sound,2019-10-31,2019,0,0.0,194000,3.23
Hip-Hop,Free Smoke,Kacie Hoffman,Afta I Exhaled,2019-09-13,2019,0,0.0,132179,2.2
Hip-Hop,Prove,Jxnny2times,Dripathon,2020-09-28,2020,0,0.0,154488,2.57
Hip-Hop,No Doubt,Freeway,Diamond in the Ruff,2012-11-27,2012,0,0.0,151111,2.52
Hip-Hop,Fibbs,Lxdxp,Fibbs,2020-11-08,2020,0,0.0,241000,4.02
Hip-Hop,Taghsim,Farsea,Dar Shabake Mojood Nemibasham,2020-09-18,2020,0,0.0,138205,2.3
Hip-Hop,Planet void1,Bo,Celestial Connections,2022-10-03,2022,0,0.0,210000,3.5
Hip-Hop,The Chase,Leslie Da Bass,Tähtsad Ninad (Original Motion Picture Soundtrack),2023-11-09,2023,0,0.0,170939,2.85
Hip-Hop,For Pete's Sake,Spectacular Diagnostics,For Pete's Sake / It Takes A...,2019-04-04,2019,0,0.0,97142,1.62
Hip-Hop,Т'ва ми остана,Hoodini,Монопауза,2019-11-22,2019,0,0.0,195949,3.27
Hip-Hop,Polimitas picta,Cubanos en la Red,Cosmovisión,2015-06-30,2015,0,0.0,250295,4.17
Hip-Hop,Половина сердца,Банги Хэп,20 лет,2017-09-01,2017,0,0.0,188622,3.14
Hip-Hop,AUR BHAI,JK Official,AUR BHAI,2023-02-05,2023,0,0.0,120021,2.0
Hip-Hop,Skins (Bonus Track),Bo,Bo and the Stars of Electricity,2017-04-28,2017,0,0.0,268000,4.47
Hip-Hop,Wild Ones (feat. Sia),Flo Rida,Tears in Ibiza - Just Dance,2022-09-09,2022,0,0.0,232946,3.88
Hip-Hop,Open Chances,Quan Duke,N.O.A.H.,2018-10-30,2018,0,0.0,208500,3.48
Hip-Hop,Yes! - Torren Foot Remix,Citizen Kay,Yes! (Remixes),2013-08-26,2013,0,0.0,242600,4.04
Hip-Hop,Michael Haze - Dej Ten Kush,Vneumicky,Michael Haze - Tsunami 3,2020-10-01,2020,0,0.0,161619,2.69
Hip-Hop,Bioluminescent - Instrumental,Paper Tiger,Bioluminescent,2019-05-10,2019,0,0.0,217243,3.62
Hip-Hop,Sex Dub & Jazz'n'roll - Bonus,UHT°,Ghost Forest Bonus Album,2007-06-29,2007,0,0.0,300013,5.0
Hip-Hop,כולם יחד - Epic Remix - Acapella,Subliminal,כולם יחד (Epic Remix),2024-09-30,2024,0,0.0,271779,4.53
Hip-Hop,Streets On Locc (feat. Aktual),Rich The Factor,Rich Laden,2020-03-13,2020,0,0.0,220734,3.68
Hip-Hop,Ferié,FankaDeli,Reck,2009-01-01,2009,0,0.0,162070,2.7
Hip-Hop,Chicago-Rillas (feat. Mikkey & Bump J),Rhymefest,Blue Collar,2006-07-11,2006,0,0.0,267013,4.45
Hip-Hop,Kohtume,Lambandaz,Kohtume,2021-02-13,2021,0,0.0,178825,2.98
Hip-Hop,1099,Lord Meraki,Our Ethos,2018-12-27,2018,0,0.0,240039,4.0
Hip-Hop,Si o No,Slim Dee,Rap & Shine,2023-06-08,2023,0,0.0,172118,2.87
Hip-Hop,Special (feat. SZA),Lizzo,Workout VOL. 1 2024,2024-08-02,2024,0,0.0,174748,2.91
Hip-Hop,Сармат,100PRO Family,"""20"", Pt.1",2022-11-25,2022,0,0.0,241150,4.02
Hip-Hop,Won't Die!,Zelly,Won't Die!,2021-04-04,2021,0,0.0,152019,2.53
Hip-Hop,LowKey,CY Muzik,Birds Eye View,2021-11-18,2021,0,0.0,149664,2.49
Hip-Hop,Slaggish,Lxdxp,Parcel II,2020-05-12,2020,0,0.0,198243,3.3
Hip-Hop,Витамин,BITZ,Грустный стайл,2020-03-18,2020,0,0.0,252523,4.21
Hip-Hop,Feelings,Jxnny2times,Dripathon,2020-09-28,2020,0,0.0,163213,2.72
Hip-Hop,Hustle (feat. Mi-kaisha),KG,Doin' Me,2019-10-04,2019,0,0.0,198762,3.31
Hip-Hop,Rille - Instrumental,Al Gear,DVC (Instrumentals),2018-09-06,2018,0,0.0,195885,3.26
Hip-Hop,On My Own,Young Roe Escobar,On My Own,2020-04-16,2020,0,0.0,252605,4.21
Hip-Hop,Chunni Me Sent,UK Haryanvi,Chunni Me Sent,2022-11-25,2022,0,0.0,143042,2.38
Hip-Hop,Vagabond,Lxdxp,Parcel II,2020-05-12,2020,0,0.0,154838,2.58
Hip-Hop,WE COULD MAKE STORIES,Moezart,The Sunrise Tapes,2021-08-20,2021,0,0.0,174245,2.9
Hip-Hop,Side Eye,Roy Scott,Workflow,2024-01-26,2024,0,0.0,223478,3.72
Hip-Hop,שרוטים - Lidor Zirk Remix,Subliminal,שרוטים (The Remixes),2016-01-01,2016,0,0.0,222475,3.71
Hip-Hop,No Understandin',Bo,Long Game Short Life,2007-07-18,2007,0,0.0,305226,5.09
Hip-Hop,All I Ever Wanted - Radio Mix,Mase,Modern R&B Classics,2020-03-06,2020,0,0.0,245373,4.09
Hip-Hop,Ewig - Instrumental,Mauli,Spielverderber [Instrumentals],2016-12-31,2016,0,0.0,203813,3.4
Dance/Electronic,L'Amour Toujours,Gigi D'Agostino,L'Amour Toujours,2001-05-23,2001,77,0.77,242053,4.03
Dance/Electronic,Angel,Massive Attack,Mezzanine,1998-01-01,1998,79,0.79,379533,6.33
Dance/Electronic,Roses - Imanbek Remix,SAINt JHN,Roses (Imanbek Remix),2019-10-09,2019,75,0.75,176840,2.95
Dance/Electronic,The Business,Tiësto,The Business,2020-09-16,2020,74,0.74,164000,2.73
Dance/Electronic,Thank You (Not So Bad),Dimitri Vegas & Like Mike,Thank You (Not So Bad),2023-12-01,2023,83,0.83,140000,2.33
Dance/Electronic,Play Hard (feat. Ne-Yo & Akon),David Guetta,Nothing but the Beat (Ultimate Edition),2012-12-07,2012,76,0.76,201000,3.35
Dance/Electronic,When Love Takes Over (feat. Kelly Rowland),David Guetta,One More Love,2010-11-22,2010,75,0.75,191000,3.18
Dance/Electronic,Do It To It,ACRAZE,Do It To It,2021-08-20,2021,75,0.75,157890,2.63
Dance/Electronic,Sugar (feat. Francesco Yates),Robin Schulz,Sugar,2015-09-25,2015,79,0.79,219043,3.65
Dance/Electronic,In My Mind,Dynoro,In My Mind,2018-06-08,2018,78,0.78,184560,3.08
Dance/Electronic,Happy Nation,Ace of Base,Happy Nation,1992-11-16,1992,75,0.75,255413,4.26
Dance/Electronic,No Broke Boys,Disco Lines,No Broke Boys,2025-06-06,2025,93,0.93,163994,2.73
Dance/Electronic,Blessings,Calvin Harris,Blessings,2025-05-09,2025,84,0.84,219650,3.66
Dance/Electronic,Lay Low,Tiësto,Lay Low,2023-01-06,2023,72,0.72,153442,2.56
Dance/Electronic,You Give Me A Feeling,Vintage Culture,You Give Me A Feeling,2021-11-12,2021,68,0.68,185896,3.1
Dance/Electronic,Love Tonight (David Guetta Remix Edit),Shouse,Love Tonight (David Guetta Remix),2021-06-11,2021,75,0.75,158095,2.63
Dance/Electronic,This Girl (Kungs Vs. Cookin' On 3 Burners),Kungs,Layers,2016-11-04,2016,78,0.78,195546,3.26
Dance/Electronic,Belly Dancer,Imanbek,Belly Dancer,2022-02-18,2022,77,0.77,151475,2.52
Dance/Electronic,Goosebumps - Remix,Travis Scott,Goosebumps (Remix),2021-01-15,2021,74,0.74,162802,2.71
Dance/Electronic,Prayer in C - Robin Schulz Radio Edit,Lilly Wood and The Prick,Prayer in C,2014-05-16,2014,76,0.76,189413,3.16
Dance/Electronic,Make Me Feel,oskar med k,Make Me Feel,2025-06-20,2025,85,0.85,186240,3.1
Dance/Electronic,Waves - Robin Schulz Radio Edit,Mr. Probz,Waves (Robin Schulz Radio Edit),2014-02-07,2014,78,0.78,208133,3.47
Dance/Electronic,There Is a Light That Never Goes Out - 2011 Remaster,The Smiths,The Queen Is Dead,1986-06-16,1986,84,0.84,244586,4.08
Dance/Electronic,Titanium (feat. Sia),David Guetta,Nothing but the Beat (Ultimate Edition),2012-12-07,2012,83,0.83,245040,4.08
Dance/Electronic,I'm Good (Blue),David Guetta,I'm Good (Blue),2022-08-26,2022,85,0.85,175238,2.92
Dance/Electronic,Beautiful People,David Guetta,Beautiful People,2025-03-07,2025,81,0.81,187086,3.12
Dance/Electronic,The Nights,Avicii,The Days / Nights,2014-01-01,2014,85,0.85,176658,2.94
Dance/Electronic,It Feels So Good,Matt Sassari,It Feels So Good,2024-11-01,2024,79,0.79,160973,2.68
Dance/Electronic,Hear Me Now,Alok,Hear Me Now (feat. Zeeba),2016-10-21,2016,77,0.77,194840,3.25
Dance/Electronic,Outside (feat. Ellie Goulding),Calvin Harris,Motion,2014-10-31,2014,86,0.86,227266,3.79
Dance/Electronic,Jungle,Alok,Jungle,2023-09-22,2023,70,0.7,175500,2.92
Dance/Electronic,Baby Don't Hurt Me,David Guetta,Baby Don't Hurt Me,2023-04-06,2023,78,0.78,140017,2.33
Dance/Electronic,Desire,Ian Asher,Desire,2025-07-25,2025,81,0.81,158840,2.65
Dance/Electronic,Memories (feat. Kid Cudi),David Guetta,One More Love,2010-11-22,2010,82,0.82,210093,3.5
Dance/Electronic,Hey Brother,Avicii,True,2013-09-16,2013,79,0.79,255093,4.25
Dance/Electronic,Black Friday (pretty like the sun),Lost Frequencies,Black Friday (pretty like the sun),2024-07-19,2024,82,0.82,145599,2.43
Dance/Electronic,Don't You Worry Child - Radio Edit,Swedish House Mafia,Don't You Worry Child,2012-09-14,2012,82,0.82,212862,3.55
Dance/Electronic,Without You (feat. Usher),David Guetta,Nothing but the Beat (Ultimate Edition),2012-12-07,2012,78,0.78,208133,3.47
Dance/Electronic,The Sound of Silence - CYRIL Remix,Disturbed,The Sound of Silence (CYRIL Remix),2024-02-02,2024,81,0.81,185238,3.09
Dance/Electronic,You & Me - Rivo Remix,Disclosure,You & Me (Rivo Remix),2023-12-22,2023,80,0.8,208524,3.48
Dance/Electronic,Feel So Close - Radio Edit,Calvin Harris,18 Months,2012-10-29,2012,81,0.81,206413,3.44
Dance/Electronic,I Will Find,Vintage Culture,I Will Find,2018-09-28,2018,68,0.68,224733,3.75
Dance/Electronic,Blame (feat. John Newman),Calvin Harris,Motion,2014-10-31,2014,81,0.81,212960,3.55
Dance/Electronic,Waiting For Love,Avicii,Stories,2015-10-02,2015,82,0.82,230613,3.84
Dance/Electronic,Are You With Me,Lost Frequencies,Less Is More,2016-10-21,2016,79,0.79,138013,2.3
Dance/Electronic,Slow Down (feat. Jorja Smith) - Vintage Culture & Slow Motion Remix,Maverick Sabre,Slow Down (feat. Jorja Smith) [Vintage Culture & Slow Motion Remix],2020-04-03,2020,70,0.7,181306,3.02
Dance/Electronic,Piece Of Your Heart - Alok Remix,MEDUZA,Piece Of Your Heart (Alok Remix),2019-06-07,2019,70,0.7,166451,2.77
Dance/Electronic,Sexy Bitch (feat. Akon),David Guetta,One More Love,2010-11-22,2010,80,0.8,195853,3.26
Dance/Electronic,Summer,Calvin Harris,Motion,2014-10-31,2014,82,0.82,222533,3.71
Dance/Electronic,"What Is Love - 7"" Mix",Haddaway,The Album,1993-09-13,1993,82,0.82,270373,4.51
Dance/Electronic,Friday (feat. Mufasa & Hypeman) - Dopamine Re-Edit,Riton,Friday (feat. Mufasa & Hypeman) [Dopamine Re-Edit],2021-01-15,2021,77,0.77,169153,2.82
Dance/Electronic,No Bad Vibes,Jazzy,No Bad Vibes,2024-10-18,2024,78,0.78,162100,2.7
Dance/Electronic,Freed From Desire,Gala,Come Into My Life (The Album),1997-11-17,1997,78,0.78,213394,3.56
Dance/Electronic,Wait So Long (Why Do I Have To),Swedish House Mafia,Wait So Long (Why Do I Have To),2025-06-20,2025,77,0.77,199479,3.32
Dance/Electronic,Under Control (feat. Hurts),Calvin Harris,Motion,2014-10-31,2014,73,0.73,184280,3.07
Dance/Electronic,Lovers on the Sun (feat. Sam Martin),David Guetta,Listen,2014-11-10,2014,74,0.74,203520,3.39
Dance/Electronic,My Way,Calvin Harris,My Way,2016-09-16,2016,74,0.74,219159,3.65
Dance/Electronic,Levels - Radio Edit,Avicii,Levels,2011-10-28,2011,75,0.75,199906,3.33
Dance/Electronic,Live Forever,Oasis,Definitely Maybe,1994-08-29,1994,70,0.7,276866,4.61
Dance/Electronic,Losing It,FISHER,Losing It,2018-07-13,2018,73,0.73,248035,4.13
Dance/Electronic,Head & Heart (feat. MNEK),Joel Corry,Head & Heart (feat. MNEK),2020-07-03,2020,75,0.75,166028,2.77
Dance/Electronic,Supersonic - Remastered,Oasis,Definitely Maybe (Remastered),1994-08-29,1994,68,0.68,283786,4.73
Dance/Electronic,Dreams (Will Come Alive),2 Brothers On The 4th Floor,Dreams,1994-01-01,1994,68,0.68,264000,4.4
Dance/Electronic,Where Are Ü Now (with Justin Bieber),Jack Ü,Skrillex and Diplo present Jack Ü,2015-02-24,2015,76,0.76,250285,4.17
Dance/Electronic,Runaway (U & I),Galantis,Pharmacy,2015-06-05,2015,76,0.76,227073,3.78
Dance/Electronic,Ride It,Regard,Ride It,2019-07-26,2019,76,0.76,157605,2.63
Dance/Electronic,Summertime Sadness (Lana Del Rey Vs. Cedric Gervais) - Cedric Gervais Remix,Lana Del Rey,Summertime Sadness (Lana Del Rey Vs. Cedric Gervais) [Cedric Gervais Remix],2013-02-01,2013,74,0.74,214912,3.58
Dance/Electronic,This Charming Man - 2011 Remaster,The Smiths,The Smiths,1984-02-20,1984,79,0.79,162920,2.72
Dance/Electronic,Piece Of Your Heart,MEDUZA,Piece Of Your Heart,2019-02-01,2019,68,0.68,152913,2.55
Dance/Electronic,Sweet Nothing (feat. Florence Welch),Calvin Harris,18 Months,2012-10-29,2012,78,0.78,212560,3.54
Dance/Electronic,Innerbloom - Radio Edit,RÜFÜS DU SOL,Innerbloom (Radio Edit),2016-09-30,2016,70,0.7,238067,3.97
Dance/Electronic,Rasputin,Majestic,Rasputin,2021-02-26,2021,78,0.78,186209,3.1
Dance/Electronic,"Better Off (Alone, Pt. III)",Alan Walker,Walkerworld,2023-11-10,2023,77,0.77,151702,2.53
Dance/Electronic,LET'S GET FKD UP,Alok,LET'S GET FKD UP (feat. Tribbs),2023-11-17,2023,76,0.76,121500,2.02
Dance/Electronic,Lean On (feat. MØ & DJ Snake),Major Lazer,Peace Is the Mission,2015-06-01,2015,73,0.73,176561,2.94
Dance/Electronic,Your Love (9PM),ATB,Your Love (9PM),2021-01-15,2021,73,0.73,150052,2.5
Dance/Electronic,Forever (feat. Malou & Yuna),HUGEL,Forever (feat. Malou & Yuna),2024-09-20,2024,69,0.69,140500,2.34
Dance/Electronic,Stumblin' In,CYRIL,Stumblin' In,2023-11-10,2023,81,0.81,213363,3.56
Dance/Electronic,Weak,Vintage Culture,Weak,2024-01-19,2024,66,0.66,202560,3.38
Dance/Electronic,One More Time,Daft Punk,Discovery,2001-03-12,2001,81,0.81,320357,5.34
Dance/Electronic,Lose Control,MEDUZA,Lose Control,2019-10-11,2019,70,0.7,168387,2.81
Dance/Electronic,(It Goes Like) Nanana - Edit,Peggy Gou,(It Goes Like) Nanana [Edit],2023-06-15,2023,75,0.75,231545,3.86
Dance/Electronic,Alors On Danse - DubDogz Remix,Stromae,Alors On Danse (DubDogz Remix),2019-05-03,2019,69,0.69,168576,2.81
Dance/Electronic,All Around The World (La La La),R3HAB,All Around The World (La La La),2019-04-05,2019,70,0.7,147840,2.46
Dance/Electronic,Better Off Alone,Alice Deejay,Who Needs Guitars Anyway?,2000-10-01,2000,80,0.8,214883,3.58
Dance/Electronic,All That She Wants,Ace of Base,The Sign,1993-12-24,1993,80,0.8,211213,3.52
Dance/Electronic,Ascend,Dezko,Ascend,2023-06-09,2023,73,0.73,200156,3.34
Dance/Electronic,Black Out Days (Stay Away),Ian Asher,Black Out Days (Stay Away),2025-08-15,2025,80,0.8,172661,2.88
Dance/Electronic,Firestone,Kygo,Cloud Nine,2016-05-13,2016,77,0.77,271634,4.53
Dance/Electronic,How Deep Is Your Love,Calvin Harris,How Deep Is Your Love,2015-07-17,2015,76,0.76,212495,3.54
Dance/Electronic,On My Knees,RÜFÜS DU SOL,Surrender,2021-10-21,2021,74,0.74,261001,4.35
Dance/Electronic,More Than You Know,Axwell /\ Ingrosso,More Than You Know,2017-07-28,2017,79,0.79,203000,3.38
Dance/Electronic,It's Not Right But It's Okay,Mr. Belt & Wezol,It's Not Right But It's Okay,2024-02-23,2024,79,0.79,152304,2.54
Dance/Electronic,I Don't Wanna Wait,David Guetta,I Don't Wanna Wait,2024-04-05,2024,81,0.81,149667,2.49
Dance/Electronic,Move Your Body,Öwnboss,Move Your Body,2021-10-29,2021,73,0.73,157444,2.62
Dance/Electronic,Car Keys (Ayla),Alok,Car Keys (Ayla),2023-06-30,2023,66,0.66,147238,2.45
Dance/Electronic,Piece Of Your Heart,MEDUZA,MEDUZA,2023-10-13,2023,67,0.67,152913,2.55
Dance/Electronic,Weak,Vintage Culture,Promised Land,2024-05-24,2024,66,0.66,202560,3.38
Dance/Electronic,Lean On (feat. MØ & DJ Snake),Major Lazer,Peace Is The Mission : Extended,2015-11-27,2015,70,0.7,176561,2.94
Indie,undressed,sombr,undressed,2025-03-21,2025,84,0.84,182088,3.03
Indie,Bitter Sweet Symphony - Remastered 2016,The Verve,Urban Hymns (Remastered 2016),1997-09-29,1997,84,0.84,357266,5.95
Indie,Sienna,The Marías,Submarine,2024-05-31,2024,88,0.88,224840,3.75
Indie,Space Song,Beach House,Depression Cherry,2015-08-28,2015,74,0.74,320466,5.34
Indie,Heart-Shaped Box,Nirvana,In Utero (Deluxe Edition),1993-09-21,1993,82,0.82,281160,4.69
Indie,Man in the Box,Alice In Chains,Facelift,1990-08-01,1990,79,0.79,285200,4.75
Indie,Smells Like Teen Spirit,Nirvana,Nevermind (Remastered),1991-09-26,1991,85,0.85,301920,5.03
Indie,Anchor,Novo Amor,Bathing Beach,2017-05-26,2017,81,0.81,257533,4.29
Indie,Don't You (Forget About Me),Simple Minds,Once Upon A Time,2025-01-27,2025,74,0.74,261239,4.35
Indie,Chamber Of Reflection,Mac DeMarco,Salad Days,2014-04-01,2014,83,0.83,231723,3.86
Indie,Come Undone,Duran Duran,Duran Duran,1993-02-15,1993,77,0.77,256519,4.28
Indie,Borderline,Tame Impala,The Slow Rush,2020-02-14,2020,85,0.85,237800,3.96
Indie,No One Noticed,The Marías,Submarine,2024-05-31,2024,90,0.9,236906,3.95
Indie,For the First Time,Mac DeMarco,This Old Dog,2017-05-05,2017,83,0.83,182306,3.04
Indie,No. 1 Party Anthem,Arctic Monkeys,AM,2013-09-09,2013,87,0.87,243131,4.05
Indie,Do I Wanna Know?,Arctic Monkeys,AM,2013-09-09,2013,87,0.87,272394,4.54
Indie,Heart To Heart,Mac DeMarco,Here Comes The Cowboy,2019-05-10,2019,83,0.83,211140,3.52
Indie,the perfect pair,beabadoobee,Beatopia,2022-07-15,2022,83,0.83,177533,2.96
Indie,Freaks,Surf Curse,Freaks,2021-05-15,2021,84,0.84,147062,2.45
Indie,Be Yourself,Audioslave,Out of Exile,2005-01-01,2005,73,0.73,278973,4.65
Indie,Notion,The Rare Occasions,Notion,2021-12-02,2021,84,0.84,195120,3.25
Indie,R U Mine?,Arctic Monkeys,AM,2013-09-09,2013,81,0.81,201726,3.36
Indie,Don't Look Back in Anger - Remastered,Oasis,(What's The Story) Morning Glory? [Remastered],1995-10-02,1995,77,0.77,289560,4.83
Indie,Not Allowed,TV Girl,Who Really Cares,2016-02-25,2016,83,0.83,167864,2.8
Indie,Come As You Are,Nirvana,Nevermind (Remastered),1991-09-26,1991,83,0.83,218920,3.65
Indie,Softcore,The Neighbourhood,Hard To Imagine The Neighbourhood Ever Changing,2018-11-02,2018,86,0.86,206280,3.44
Indie,Boys Don't Cry,The Cure,Three Imaginary Boys,1979-05-11,1979,79,0.79,155973,2.6
Indie,Blue Hair,TV Girl,Death of a Party Girl,2018-05-08,2018,83,0.83,217000,3.62
Indie,I Love You So,The Walters,I Love You So,2014-11-28,2014,87,0.87,160239,2.67
Indie,Alive,Pearl Jam,Ten,1991-08-27,1991,76,0.76,340974,5.68
Indie,Cigarettes out the Window,TV Girl,Who Really Cares,2016-02-25,2016,85,0.85,198960,3.32
Indie,Stop Crying Your Heart Out,Oasis,Heathen Chemistry,2002-02-03,2002,78,0.78,303133,5.05
Indie,Even Flow,Pearl Jam,Ten,1991-08-27,1991,81,0.81,292579,4.88
Indie,Why'd You Only Call Me When You're High?,Arctic Monkeys,AM,2013-09-09,2013,85,0.85,161123,2.69
Indie,Reflections,The Neighbourhood,Hard To Imagine The Neighbourhood Ever Changing,2018-11-02,2018,84,0.84,244013,4.07
Indie,Ordinary World,Duran Duran,Duran Duran,1993-02-15,1993,80,0.8,340200,5.67
Indie,PIXELATED KISSES,Joji,PIXELATED KISSES,2025-10-14,2025,86,0.86,110430,1.84
Indie,Black,Pearl Jam,Ten,1991-08-27,1991,81,0.81,342653,5.71
Indie,505,Arctic Monkeys,Favourite Worst Nightmare,2007-04-22,2007,87,0.87,253586,4.23
Indie,The Less I Know The Better,Tame Impala,Currents,2015-07-17,2015,88,0.88,216320,3.61
Indie,Daddy Issues,The Neighbourhood,Wiped Out!,2015-10-30,2015,86,0.86,260163,4.34
Indie,undressed,sombr,I Barely Know Her,2025-08-22,2025,88,0.88,182088,3.03
Indie,Lovers Rock,TV Girl,French Exit,2014-06-05,2014,87,0.87,213920,3.57
Indie,Wonderwall - Remastered,Oasis,(What's The Story) Morning Glory? [Remastered],1995-10-02,1995,80,0.8,258773,4.31
Indie,Let It Happen,Tame Impala,Currents,2015-07-17,2015,83,0.83,467586,7.79
Indie,"New Person, Same Old Mistakes",Tame Impala,Currents,2015-07-17,2015,83,0.83,363240,6.05
Indie,Little Dark Age,MGMT,Little Dark Age,2018-02-09,2018,79,0.79,299933,5.0
Indie,Zombie,The Neighbourhood,(((((ultraSOUND))))),2025-11-14,2025,66,0.66,193440,3.22
Indie,Would? (2022 Remaster),Alice In Chains,Dirt (2022 Remaster),1992-09-29,1992,77,0.77,206773,3.45
Indie,Daisy Chain,The Neighbourhood,(((((ultraSOUND))))),2025-11-14,2025,65,0.65,206186,3.44
Indie,Fluorescent Adolescent,Arctic Monkeys,Favourite Worst Nightmare,2007-04-22,2007,77,0.77,183893,3.06
Indie,Rabbit,The Neighbourhood,(((((ultraSOUND))))),2025-11-14,2025,66,0.66,299333,4.99
Indie,Planet,The Neighbourhood,(((((ultraSOUND))))),2025-11-14,2025,69,0.69,241386,4.02
Indie,Hula Girl,The Neighbourhood,(((((ultraSOUND))))),2025-11-14,2025,73,0.73,244973,4.08
Indie,K.,Cigarettes After Sex,Cigarettes After Sex,2017-06-09,2017,85,0.85,319560,5.33
Indie,Stupid Boy,The Neighbourhood,(((((ultraSOUND))))),2025-11-14,2025,64,0.64,272666,4.54
Indie,Nervous,The Neighbourhood,Hard To Imagine The Neighbourhood Ever Changing,2018-11-02,2018,76,0.76,245000,4.08
Indie,Plush,Stone Temple Pilots,Core,1992-09-29,1992,68,0.68,310346,5.17
Indie,The Promise,When In Rome,When In Rome,1988-01-01,1988,72,0.72,220960,3.68
Indie,Holy Ghost,The Neighbourhood,(((((ultraSOUND))))),2025-11-14,2025,68,0.68,269586,4.49
Indie,State Lines,Novo Amor,Birthplace,2018-10-19,2018,76,0.76,208653,3.48
Indie,Nothing's Gonna Hurt You Baby,Cigarettes After Sex,I.,2012-07-21,2012,83,0.83,286293,4.77
Indie,Sweet Heat Lightning,Gregory Alan Isakov,Appaloosa Bones,2023-08-18,2023,77,0.77,286120,4.77
Indie,Lithium,Nirvana,Nevermind (Remastered),1991-09-26,1991,74,0.74,257053,4.28
Indie,Psycho Killer,Talking Heads,Talking Heads '77,1977-09-16,1977,80,0.8,260506,4.34
Indie,The Man Who Sold The World - Live,Nirvana,MTV Unplugged In New York,1994-11-01,1994,79,0.79,261093,4.35
Indie,Black Hole Sun,Soundgarden,Superunknown (Deluxe Edition),1994-03-09,1994,82,0.82,318586,5.31
Indie,Save a Prayer - 2009 Remaster,Duran Duran,Rio (Collector's Edition),1982-05-10,1982,70,0.7,333306,5.56
Indie,Jeremy,Pearl Jam,Ten,1991-08-27,1991,72,0.72,318226,5.3
Indie,Sunsetz,Cigarettes After Sex,Cigarettes After Sex,2017-06-09,2017,85,0.85,214680,3.58
Indie,Jealous,Eyedress,Jealous,2019-12-06,2019,77,0.77,122338,2.04
Indie,You Get Me So High,The Neighbourhood,Hard To Imagine The Neighbourhood Ever Changing,2018-11-02,2018,82,0.82,153000,2.55
Indie,Friday I'm In Love,The Cure,Wish,1992-01-01,1992,79,0.79,215160,3.59
Indie,Shout,Tears For Fears,Songs From The Big Chair,1985-02-25,1985,76,0.76,393666,6.56
Indie,Coastline,Hollow Coves,Wanderlust,2017-03-17,2017,77,0.77,233973,3.9
Indie,Snap Out Of It,Arctic Monkeys,AM,2013-09-09,2013,79,0.79,193030,3.22
Indie,Take Me Out,Franz Ferdinand,Franz Ferdinand,2004-02-16,2004,84,0.84,237026,3.95
Indie,My Kind of Woman,Mac DeMarco,2,2012-10-16,2012,83,0.83,190845,3.18
Indie,OMG,The Neighbourhood,(((((ultraSOUND))))),2025-11-14,2025,67,0.67,182946,3.05
Indie,You Are the Right One,Sports,Naked All the Time,2015-07-24,2015,74,0.74,172506,2.88
Indie,Something About You,Eyedress,Mulholland Drive,2021-08-27,2021,79,0.79,153312,2.56
Indie,Crushed,The Neighbourhood,(((((ultraSOUND))))),2025-11-14,2025,63,0.63,197706,3.3
Indie,Tides,The Neighbourhood,(((((ultraSOUND))))),2025-11-14,2025,65,0.65,256440,4.27
Indie,Tek It,Cafuné,Running,2021-07-20,2021,82,0.82,191823,3.2
Indie,Mute,The Neighbourhood,(((((ultraSOUND))))),2025-11-14,2025,64,0.64,191773,3.2
Indie,Lil Ol Me,The Neighbourhood,(((((ultraSOUND))))),2025-11-14,2025,66,0.66,207400,3.46
Indie,Mama Drama,The Neighbourhood,(((((ultraSOUND))))),2025-11-14,2025,64,0.64,230773,3.85
Indie,Lovebomb,The Neighbourhood,(((((ultraSOUND))))),2025-11-14,2025,68,0.68,200280,3.34
Indie,Enjoy the Silence,Depeche Mode,"Violator | The 12"" Singles",2022-04-01,2022,77,0.77,257630,4.29
Indie,Private,The Neighbourhood,(((((ultraSOUND))))),2025-11-14,2025,70,0.7,229386,3.82
R&B,MONTAGEM CAMERA LENTA,DJ DUARTE,MONTAGEM CAMERA LENTA,2025-10-10,2025,78,0.78,169850,2.83
R&B,Até Quebrar a Cama 2.0,cjnobeat,Até Quebrar a Cama 2.0,2025-07-24,2025,78,0.78,132170,2.2
R&B,Tô na Brasilia com o Zigão,DJ Zigão,Tô na Brasilia com o Zigão,2025-09-08,2025,81,0.81,155307,2.59
R&B,Como Tudo Deve Ser,Charlie Brown Jr.,100% Charlie Brown Jr - Abalando A Sua Fábrica,2001-01-01,2001,71,0.71,273040,4.55
R&B,3 Dias Virado,Mc IG,Só Explosão,2017-12-22,2017,71,0.71,207157,3.45
R&B,FAMOSINHA,Dj Caio Vieira,FAMOSINHA,2025-02-28,2025,85,0.85,133384,2.22
R&B,Trilogia 150,MC Roger,Trilogia 150,2019-06-14,2019,71,0.71,129645,2.16
R&B,Penélope Charmosa 2,Boladin 211,Penélope Charmosa 2,2024-09-27,2024,72,0.72,171692,2.86
R&B,Oh Garota Eu Quero Você Só Pra Mim.,Oruam,Oh Garota Eu Quero Você Só Pra Mim.,2024-12-17,2024,73,0.73,166861,2.78
R&B,Lugar Ao Sol,Charlie Brown Jr.,100% Charlie Brown Jr - Abalando A Sua Fábrica,2001-01-01,2001,72,0.72,212600,3.54
R&B,Bandido problemático,Dj Gustomares,Bandido problemático,2025-07-25,2025,74,0.74,162461,2.71
R&B,Ela Vai Voltar (Todos Os Defeitos De Uma Mulher Perfeita),Charlie Brown Jr.,Imunidade Musical,2005-01-01,2005,71,0.71,188200,3.14
R&B,Fica De Quatão,DJ Biel Divulga,Fica De Quatão,2025-03-27,2025,73,0.73,133615,2.23
R&B,Macetada nas do Job,Mc Rodrigo do CN,Macetada nas do Job,2024-06-08,2024,72,0.72,162461,2.71
R&B,Anjos (Pra quem tem fé),O Rappa,Nunca Tem Fim (Standard),2013-08-15,2013,71,0.71,419520,6.99
R&B,"SEM FRESCURA SEM PIRRACA, SEM MIMIMI",Mc Rodrigo do CN,"SEM FRESCURA SEM PIRRACA, SEM MIMIMI",2025-09-01,2025,71,0.71,112528,1.88
R&B,BOA NOITE (CHEGUEI),THEUZZIN,BOA NOITE (CHEGUEI),2025-09-12,2025,74,0.74,159777,2.66
R&B,Minha alma (A paz que eu não quero),O Rappa,Lado B Lado A,1999-01-01,1999,71,0.71,303773,5.06
R&B,Senta Poca,MC Meno K,Senta Poca,2025-10-21,2025,72,0.72,219230,3.65
R&B,Esquadrilha da Fumaça,Mc Jacaré,Esquadrilha da Fumaça,2025-10-24,2025,72,0.72,139038,2.32
R&B,Meu Carro nao tem Porta Luva - Remastered 2024,DJ NATAN 22,Meu Carro nao tem Porta Luva (Remastered 2024),2024-11-12,2024,74,0.74,159999,2.67
R&B,Tudo Aconteceu,MC Du Black,Tudo Aconteceu,2020-02-07,2020,72,0.72,155124,2.59
R&B,Aonde Quer Que Eu Vá,Os Paralamas Do Sucesso,Arquivo II 1991 - 2000,2000-01-01,2000,72,0.72,257333,4.29
R&B,Descer,Kew,Descer,2025-01-30,2025,76,0.76,111653,1.86
R&B,Zóio De Lula,Charlie Brown Jr.,"Preço Curto, Prazo Longo",1999-01-05,1999,73,0.73,252226,4.2
R&B,"Dias De Luta, Dias De Gloria",Charlie Brown Jr.,Imunidade Musical,2005-01-01,2005,71,0.71,145466,2.42
R&B,Faz assim,Prod Gomes,Os Dois Lados Da Moeda,2025-08-02,2025,76,0.76,149333,2.49
R&B,Tempo Perdido,Legião Urbana,Dois,1986-01-01,1986,76,0.76,302200,5.04
R&B,MTG Perna Bamba X Piranhas do Helipa,Detagaz,MTG Perna Bamba X Piranhas do Helipa,2024-08-16,2024,75,0.75,108923,1.82
R&B,Cada Vez Mais Gostosa,Dj Tchouzen,Cada Vez Mais Gostosa,2023-04-13,2023,71,0.71,133846,2.23
R&B,Eu Até Gosto de Você,Mc Jacaré,Eu Até Gosto de Você,2025-04-24,2025,74,0.74,149543,2.49
R&B,Só Os Loucos Sabem,Charlie Brown Jr.,Camisa 10 joga bola até na chuva,2009-09-16,2009,74,0.74,210493,3.51
R&B,Pirocada Quente,MC Jvila,Pirocada Quente,2025-01-28,2025,76,0.76,195692,3.26
R&B,Barbie,MC Tuto,Barbie,2024-10-18,2024,73,0.73,192755,3.21
R&B,Morena da Bunda Grande,Mc Rodrigo do CN,Morena da Bunda Grande,2025-11-21,2025,34,0.34,103846,1.73
R&B,Puta É Só um Detalhe,DJ Douglinhas,Puta É Só um Detalhe,2024-10-14,2024,72,0.72,158827,2.65
R&B,Puto Prostituto,Mc Rodrigo do CN,Puto Prostituto,2025-11-12,2025,35,0.35,142900,2.38
R&B,Sequência da Botação,DJ Ryder,Sequência da Botação,2025-03-21,2025,76,0.76,145777,2.43
R&B,MTG NA IMAGINAÇÃO - TOPO SESSIONS VOL. 1,DJ TOPO,MTG NA IMAGINAÇÃO (TOPO SESSIONS VOL. 1),2024-09-13,2024,76,0.76,144923,2.42
R&B,Construção de Amor,DJ CZ,Construção de Amor,2025-08-01,2025,75,0.75,129229,2.15
R&B,Fui Mlk,Nilo,Fui Mlk,2024-11-22,2024,77,0.77,174110,2.9
R&B,Tipo Nino Vs Kabrinha,DJ Biel Divulga,Tipo Nino Vs Kabrinha,2025-05-31,2025,78,0.78,201230,3.35
R&B,Olha pra Cara de Quem Te...,MC LUUKY,Olha pra Cara de Quem Te...,2025-03-06,2025,75,0.75,120916,2.02
R&B,OUTRA,tarisiix,OUTRA,2025-04-15,2025,74,0.74,128000,2.13
R&B,Senta Olhando Pra Mim,DJ Arana,M.B.D.T,2025-06-20,2025,75,0.75,119720,2.0
R&B,Senta e Cala a Boca,Mc Jacaré,Senta e Cala a Boca,2025-02-04,2025,74,0.74,147221,2.45
R&B,Teu Preferido,DJ BRIZY,Teu Preferido,2025-05-16,2025,74,0.74,136153,2.27
R&B,Encosta na Parede,Mc Pedrinho,Encosta na Parede,2025-03-07,2025,74,0.74,131822,2.2
R&B,VAI NO CHÃO BANDIDA,Dj Guuh,VAI NO CHÃO BANDIDA,2024-10-15,2024,77,0.77,140307,2.34
R&B,O BUENO É O CACIQUE x VAI TOMAR FLECHADA,Dj Tchouzen,O BUENO É O CACIQUE x VAI TOMAR FLECHADA,2025-08-18,2025,70,0.7,117230,1.95
R&B,Equalize,Pitty,Admirável Chip Novo,2003-04-16,2003,68,0.68,232240,3.87
R&B,Tua Ex É uma Delícia,Anderson Neiff,Tua Ex É uma Delícia,2024-12-23,2024,71,0.71,197425,3.29
R&B,Um Minuto Para O Fim Do Mundo,CPM 22,Felicidade Instantânea,2005-01-01,2005,68,0.68,198000,3.3
R&B,Meu Novo Mundo,Charlie Brown Jr.,La Familia 013,2013-10-08,2013,69,0.69,207053,3.45
R&B,Epitáfio,Titãs,A Melhor Banda De Todos Os Tempos Da Última Semana,2001-04-04,2001,69,0.69,175373,2.92
R&B,Ela É do Tipo,MC Kevin o Chris,Ela É do Tipo,2019-03-07,2019,70,0.7,204930,3.42
R&B,Lanterna Dos Afogados,Os Paralamas Do Sucesso,Big Bang,1989-01-01,1989,68,0.68,189533,3.16
R&B,Fazer Falta,Mc Livinho,Fazer Falta,2017-05-25,2017,68,0.68,210960,3.52
R&B,Tipo Nino Abravanel,DJ Gouveia,Tipo Nino Abravanel,2025-01-23,2025,70,0.7,131076,2.18
R&B,Metamorfose Ambulante,Raul Seixas,"""Krig-Ha, Bandolo""",1973-01-01,1973,69,0.69,231240,3.85
R&B,Cavalo de Tróia,Mc Kevin,Cavalo de Tróia,2018-12-06,2018,69,0.69,162066,2.7
R&B,Montagem Sarra Sarra,Mc RN Original,Montagem Sarra Sarra,2025-11-05,2025,71,0.71,107855,1.8
R&B,Eduardo E Mônica,Legião Urbana,Dois,1986-01-01,1986,68,0.68,271440,4.52
R&B,Pontes Indestrutíveis,Charlie Brown Jr.,"Ritmo, Ritual E Responsa",2007-03-10,2007,68,0.68,210666,3.51
R&B,A Cera,O Surto,Todo Mundo Doido,2000-07-03,2000,69,0.69,227373,3.79
R&B,Segredos,Frejat,Amor pra Recomeçar,2001-01-01,2001,67,0.67,233533,3.89
R&B,Tipo Insta do Buzeira,Jhow,Tipo Insta do Buzeira,2025-07-10,2025,70,0.7,101514,1.69
R&B,Toma Botada,Eo Chapa,Toma Botada,2025-08-14,2025,69,0.69,132000,2.2
R&B,Vem No Galope,AG031,Vem No Galope,2025-04-11,2025,68,0.68,90771,1.51
R&B,Terapia,Mc Jacaré,Terapia,2025-09-26,2025,68,0.68,134769,2.25
R&B,Ele Carrega Minha Bolsa,dj andreoli,Ele Carrega Minha Bolsa,2025-09-02,2025,70,0.7,133370,2.22
R&B,Chapa Máxima,Boladin 211,Chapa Máxima,2024-12-05,2024,68,0.68,151384,2.52
R&B,Deixa Eu Mandar Meu Passinho,Dj Aguilar,Direto do Alto Vol 1,2025-02-14,2025,69,0.69,112907,1.88
R&B,Rabetão De Terremoto,DJ CZ,Rabetão De Terremoto,2025-03-21,2025,69,0.69,107076,1.78
R&B,SENTA POCA (POSSO ATÉ NÃO TE DAR FLORES),Dj Luan Gomes,SENTA POCA (POSSO ATÉ NÃO TE DAR FLORES),2025-10-20,2025,70,0.7,96000,1.6
R&B,Observando Essa Salada,MC Cebezinho,Observando Essa Salada,2025-01-22,2025,70,0.7,181644,3.03
R&B,Se Essa Bunda For Uma Empresa,Chefin,Se Essa Bunda For Uma Empresa,2025-02-18,2025,70,0.7,162461,2.71
R&B,Terapia,Mc Jacaré,De Norte a Sul,2025-11-21,2025,42,0.42,134769,2.25
R&B,Amantes da Foda,Mc Rodrigo do CN,Amantes da Foda,2022-03-25,2022,70,0.7,81230,1.35
R&B,Malvadinho,MC LUUKY,Malvadinho,2024-11-01,2024,69,0.69,120115,2.0
R&B,Luz do Dia,MC Tuto,Luz do Dia,2025-11-21,2025,35,0.35,159416,2.66
R&B,Gaiola É o Troco,MC Du Black,Gaiola É o Troco,2019-06-07,2019,71,0.71,187245,3.12
R&B,Será,Legião Urbana,Legião Urbana,1985-01-01,1985,69,0.69,150466,2.51
R&B,Ela Quer Sentar Pros Maloka,cjnobeat,Ela Quer Sentar Pros Maloka,2025-07-01,2025,68,0.68,136442,2.27
R&B,Esquadrilha da Fumaça,Mc Jacaré,De Norte a Sul,2025-11-21,2025,43,0.43,139038,2.32
R&B,Senta e Cala a Boca,Mc Jacaré,De Norte a Sul,2025-11-21,2025,47,0.47,147221,2.45
R&B,Eu Até Gosto de Você,Mc Jacaré,De Norte a Sul,2025-11-21,2025,48,0.48,149543,2.49
R&B,Rebolando,Kew,Rebolando,2025-04-30,2025,72,0.72,106685,1.78
K-pop,I'm Fond Of You,Nam Jin,Best Two,2014-03-01,2014,0,0.0,141960,2.37
K-pop,Kad Mendule Procvitaju,Đani Maršan,Splitski Festivali 1990.- 2000.,2001-06-20,2001,0,0.0,206906,3.45
K-pop,TOO MUCH,Jack Harlow,10s Rap,2024-03-15,2024,0,0.0,215135,3.59
K-pop,Ništa Ti Ne Može Vrijeme,Đani Maršan,Sy Ploče - Hr 27,2015-01-01,2015,0,0.0,209786,3.5
K-pop,Night cruising,NO_ON,Night run,2018-10-05,2018,0,0.0,198260,3.3
K-pop,Hey Friend,Patti Kim,Golden Best,2009-08-03,2009,0,0.0,285173,4.75
K-pop,Hasuli Mangliye Galwa Sobhaneko,Rajiv Raj,Hasuli Mangliye Galwa Sobhaneko,2022-07-11,2022,0,0.0,183809,3.06
K-pop,Khali Ullu Banwe Hi,Milan Das,Khali Ullu Banwe Hi,2023-12-02,2023,0,0.0,227631,3.79
K-pop,Ja San Se Zajubija,Ivo Pattiera,"Melodije Hrvatskog Jadrana, Split '96. 1",2012-08-28,2012,0,0.0,238133,3.97
K-pop,Dil Jale,Abhi Negi,Dil Jale,2023-07-16,2023,0,0.0,952973,15.88
K-pop,You are still my love,Choi JinHee,Choi Jinhee`s Cafe Collection 1,2005-01-01,2005,0,0.0,174293,2.9
K-pop,Улыбочка,Natali,Лучшие русские треки 90-х,2024-08-16,2024,0,0.0,233424,3.89
K-pop,O Gurbet,Ermal Fejzullahu,O Gurbet,2012-04-10,2012,0,0.0,230580,3.84
K-pop,보고 싶어요,Nam Jin,성인코러스가요 2집,2006-01-01,2006,0,0.0,160757,2.68
K-pop,Bodulska Balada,Jasna Zlokic,Splitski Biseri 1960-1970,1988-03-08,1988,0,0.0,204653,3.41
K-pop,Тень,AKIM,Тень,2020-10-02,2020,0,0.0,204800,3.41
K-pop,Счастлива с тобой,Makka Sagaipova,Безаман мерзанаш 2024,2024-08-15,2024,0,0.0,250514,4.18
K-pop,Облака,Natali,Вспомним 90-е,2023-03-09,2023,0,0.0,199608,3.33
K-pop,Посвящение друзьям,Natali,Любимые хиты для осеннего вечера,2023-11-02,2023,0,0.0,217887,3.63
K-pop,Urfalıyam Ezelden,İzollu Mehmet,Urfalıyam Ezelden,2024-01-13,2024,0,0.0,123135,2.05
K-pop,Fallen Blossoms Flowing Water,Lee Mi Ja,Gayo StageⅡ,2014-03-01,2014,0,0.0,189893,3.16
K-pop,"Karnevali ,Karnevali",Krunoslav-Kićo Slabinac,Karneval Fest '87,2015-03-10,2015,0,0.0,201946,3.37
K-pop,Motima Bauran - Pahadi,Mahesh Kumar,Motima Bauran (Pahadi),2021-08-17,2021,0,0.0,243602,4.06
K-pop,"Зажги, Россия, зажги, страна!",Saro Vardanyan,"Зажги, Россия, зажги, страна!",2014-01-30,2014,0,0.0,219271,3.65
K-pop,Scars,Stan Van Samang,Liefde Voor Publiek,2016-04-28,2016,0,0.0,277040,4.62
K-pop,DHARKELA DIL MORA RE,Kumar Pritam,DHARKELA DIL MORA RE,2023-01-31,2023,0,0.0,298375,4.97
K-pop,Mi Oboje Trebamo Ljubav,Meri Cetinic,20. Dalmatinska Šansona Šibenik 2017.,2017-07-27,2017,0,0.0,191520,3.19
K-pop,Let You Go-Karen Hip Hop Song-Ya Ta Na x Paweh Pree,SD Chai Channel,Let You Go-Karen Hip Hop Song-Ya Ta Na x Paweh Pree,2022-05-12,2022,0,0.0,198312,3.31
K-pop,Super Dominant,Patti Kim,Best Collection,2014-03-01,2014,0,0.0,121506,2.03
K-pop,Uttraini Pawan Tyar - Uttrakhandi,Mamta Arya,Uttraini Pawan Tyar (Uttrakhandi),2023-01-12,2023,0,0.0,314333,5.24
K-pop,Tea House in the Winter,Cho Yong Pil,Dream Folk Songs 2000 vol.3,2000-07-01,2000,0,0.0,214041,3.57
K-pop,Treasure Hunt,Cho Yong Pil,Children'S Song Best,2002-05-04,2002,0,0.0,128773,2.15
K-pop,尋找,Teresa Teng,電影金曲25首-CD6,1997-08-04,1997,0,0.0,234706,3.91
K-pop,Muti uyu Mukuona pt II,Joseph Kamaru,Urathi Wa Kamaru Vol.B,1976-02-14,1976,0,0.0,203859,3.4
K-pop,My Path,WABLE,I Don't Wanna Work 2019 (Original Soundtrack),2019-07-02,2019,0,0.0,226735,3.78
K-pop,Поехали на дачу!,Natali,Весна в городе,2024-04-25,2024,0,0.0,169285,2.82
K-pop,Downtown Beautiful Girl,Nam Jin,Nam Jin/Na Hoon A Hit Music Complete Collection,1991-01-01,1991,0,0.0,116006,1.93
K-pop,Dhadkan Me,Kumar Pritam,Dhadkan Me,2021-05-10,2021,0,0.0,332579,5.54
K-pop,Gend Tadi,Lalitya Munshaw,Shree Krishna Janmotsav,2009-01-08,2009,0,0.0,314488,5.24
K-pop,Suga Re Suga,Satish Das,Suga Re Suga,2024-02-26,2024,0,0.0,274390,4.57
K-pop,We broke up too easily,Choi JinHee,"Choi Jinhee/Lee Myungju Favorite song collection 1, 2",2006-02-16,2006,0,0.0,215693,3.59
K-pop,सुणले श्याम खाटू वाला रे,Shankar Deewana,सुणले श्याम खाटू वाला रे,2024-03-30,2024,0,0.0,700761,11.68
K-pop,Amnono,Deniz Deman,Bêje,2021-03-31,2021,0,0.0,290202,4.84
K-pop,Ay Le Nure,Hozan Şervan,Mın Yar Nediye,2019-12-16,2019,0,0.0,201688,3.36
K-pop,Ghagri Ghume De - Garhwali,Jitendra Tomkyal,Ghagri Ghume De (Garhwali),2021-02-12,2021,0,0.0,404096,6.73
K-pop,I loved you,Poetree,"Loving you,Without hope",2012-01-25,2012,0,0.0,247719,4.13
K-pop,Жанарым,Арай,Жанарым,2015-06-10,2015,0,0.0,27127,0.45
K-pop,Without You (inst),Lena Park,No Break,2008-10-21,2008,0,0.0,236538,3.94
K-pop,Du Tala Chadi Chhora Jhulafiya Ke Jharo Hai,Neeraj Premi Yadav,Du Tala Chadi Chhora Jhulafiya Ke Jharo Hai,2021-07-18,2021,0,0.0,250880,4.18
K-pop,Neccesary,Kizzy,Believe,2021-08-20,2021,0,0.0,192940,3.22
K-pop,Lockdown,Vicmass Luodollar,Lockdown,2020-06-22,2020,0,0.0,193008,3.22
K-pop,Talk '신념',H.O.T.,I yah! - The 4th Album,1999-09-01,1999,0,0.0,22706,0.38
K-pop,Roko,Tomislav Ivčić,"Zvuk Osamdesetih 1980/81, Zabavna I Pop",1997-01-01,1997,0,0.0,188293,3.14
K-pop,Считалочка,Natali,Взрывная энергия музыки 90-х,2024-07-12,2024,0,0.0,208704,3.48
K-pop,Sajani Ge,Satish Das,Sajani Ge,2024-05-28,2024,0,0.0,247680,4.13
K-pop,Эпизод,Aidar BMM,Episode,2023-04-21,2023,0,0.0,152806,2.55
K-pop,Mala tica,Klapa Maslina,Dalmatinska Šansona (Šibenik 2010),2014-03-19,2014,0,0.0,242026,4.03
K-pop,Будут танцы,Natali,Музыкальный коктейль,2024-08-16,2024,0,0.0,200826,3.35
K-pop,Конфетка,Natali,Классика 90-х,2024-10-18,2024,0,0.0,224862,3.75
K-pop,내영혼의 남자,Nam Jin,성인코러스가요 1집,2006-01-01,2006,0,0.0,157831,2.63
K-pop,Wacheni Niimbe,Mr Seed,Wacheni Niimbe,2018-09-18,2018,0,0.0,189414,3.16
K-pop,I Gori Nego Ja,Krunoslav Kićo Slabinac,Sy Ploče - Hr 10,2015-05-12,2015,0,0.0,215346,3.59
K-pop,Kr. Moritsko,Mus Mulyadi,15 Lagu Best Keroncong,1990-01-01,1990,0,0.0,170736,2.85
K-pop,사랑의 반지,Patti Kim,베스트 2(2CD),2005-12-01,2005,0,0.0,177000,2.95
K-pop,Ya Ya Maya Ya,Piyush Soni,Colours Of India,2012-01-01,2012,0,0.0,422093,7.03
K-pop,Bảy Ngày Đợi Mong,Lyn,Bé Yêu,1990-01-01,1990,0,0.0,213546,3.56
K-pop,Grace Upon My Soul,Choi JinHee,최진희 기도(주 안에 있는 나에게),2011-06-02,2011,0,0.0,267520,4.46
K-pop,Jathrege Naadayana,L.N. Shastri,Gunjumale Gurikara,2017-11-15,2017,0,0.0,291654,4.86
K-pop,Bhoji Sa Ra Ra Ra,Naveen Pathak,Bhoji Daju Chhand Jammu Kashmira,2020-09-07,2020,0,0.0,133851,2.23
K-pop,"Jedna Klupa, Jedan Kut",Tereza Kesovija,Sy Ploče - Hr 11,2015-05-19,2015,0,0.0,151493,2.52
K-pop,I Love Song You and Me,Nam Jin,Nam Jin Stereo Solo (Tears of You and Me),1974-02-01,1974,0,0.0,165078,2.75
K-pop,I Could Not Say Anything,Emon,The Time We Look Back On The Past,2010-09-08,2010,0,0.0,228706,3.81
K-pop,Until That Day,Bae Ho,Baek Young-Ho's Song Composition (Lady Seogwipo),1971-04-01,1971,0,0.0,151605,2.53
K-pop,Jivan Ke Rangshala - Bhojpuri,Rajiv Raj,Jivan Ke Rangshala (Bhojpuri),2023-11-01,2023,0,0.0,345412,5.76
K-pop,Empty Glass (Light Music),Nam Jin,Best Part 1 (2 CDs),2005-12-01,2005,0,0.0,196000,3.27
K-pop,Hey Man,김범룡,무지개 빛 세상,1989-03-15,1989,0,0.0,270653,4.51
K-pop,Life Is Dinghy,Patti Kim,Nostalgia,2014-03-01,2014,0,0.0,185000,3.08
K-pop,Pledge Of Love,Patti Kim,Patti Kim Hit Complete Collection,1991-03-01,1991,0,0.0,149815,2.5
K-pop,Nema Života Bez Ljubavi,Tereza Kesovija,8. Festival Zabavne Muzike Melodije Jadrana Split 68,1968-01-01,1968,0,0.0,160826,2.68
K-pop,Bahu Ker Lila,Satish Das,Bahu Ker Lila,2023-01-11,2023,0,0.0,254934,4.25
K-pop,A Dream of Peace,Amani,A Dream of Peace,2016-02-14,2016,0,0.0,255813,4.26
K-pop,karen song the end by dick dick,poe karen,karen song the end by dick dick,2023-02-02,2023,0,0.0,249242,4.15
K-pop,Peli Bhet Maa,Prakash Rawat,Paili Bhent Maa,2001-10-13,2001,0,0.0,406070,6.77
K-pop,Snow Of The Hometown,Lee Mi Ja,Gayo StageⅡ,2014-03-01,2014,0,0.0,187840,3.13
K-pop,Firework,Boombastic,Beach Sounds Vol. 1,2013-09-19,2013,0,0.0,225706,3.76
K-pop,Gaon Ke Gori,Satish Das,Gaon Ke Gori,2023-11-14,2023,0,0.0,226909,3.78
K-pop,Tor Kamar Hilo bejod - Khortha,Satish Sawariya Yadav,Tor Kamar Hilo Bejod (Khortha),2022-10-24,2022,0,0.0,198900,3.32
K-pop,Chhaudi Baithi Ke Safari,Neeraj Premi Yadav,Chhaudi Baithi Ke Safari,2024-05-30,2024,0,0.0,209188,3.49
K-pop,가는 세월,Choi JinHee,카페노래 Vol.3,1992-10-02,1992,0,0.0,176000,2.93
K-pop,Konoba,Meri Cetinic,7 diva za svetog Duju,2014-06-05,2014,0,0.0,303186,5.05
K-pop,Unalo,Jay Jay,Kulungile / Holokile,2015-06-02,2015,0,0.0,279800,4.66
K-pop,Prozor Prema Zalazu,Đani Maršan,"Pet Godina 'Mhj', Sve Najbolje 1",2012-09-07,2012,0,0.0,199866,3.33
K-pop,Ja Te Volim,Đani Maršan,The Best Of Libar Vol.2,2012-01-19,2012,0,0.0,183133,3.05
K-pop,A Song Is My Life,Lee Mi Ja,Lee Mija Song 30 Years 1.,1990-01-01,1990,0,0.0,149861,2.5
K-pop,Strepnja,Tereza Kesovija,Original Album Collection,2018-04-12,2018,0,0.0,161920,2.7
K-pop,Mera Piya Tum Na Jao,Naveen Pathak,Maya Dar Sheru,2020-09-07,2020,0,0.0,334837,5.58
K-pop,BHOJI HAMARI GORI FANAR,Mahesh Joshi,BHOJI HAMARI GORI FANAR,2022-03-25,2022,0,0.0,183205,3.05
Soul,Salienciazinha,Mc Gimenes,Salienciazinha,2025-10-05,2025,65,0.65,111655,1.86
Soul,Vidrado Em Você,Dj Guuga,Vidrado Em Você,2019-06-11,2019,78,0.78,134769,2.25
Soul,Sigilinho,cjnobeat,Sigilinho,2025-10-09,2025,66,0.66,122583,2.04
Soul,"Bonita, Lindinha e Sagaz",Mc Davi,"Bonita, Lindinha e Sagaz",2018-01-18,2018,64,0.64,155076,2.58
Soul,50 Tons,MC Du Black,50 Tons,2019-09-06,2019,65,0.65,172852,2.88
Soul,De 10 Mulher 11 É Maluca,MC Saci,De 10 Mulher 11 É Maluca,2023-10-18,2023,64,0.64,115384,1.92
Soul,Cara Bacana,MC G15,Cara Bacana,2017-05-03,2017,65,0.65,232727,3.88
Soul,Eu Tô Fazendo uma Mágica,Gordinho Bolado,Eu Tô Fazendo uma Mágica,2025-08-01,2025,72,0.72,151270,2.52
Soul,Irmã Gostosa,Mc Livinho,Irmã Gostosa,2018-02-07,2018,64,0.64,187951,3.13
Soul,Evoluiu,MC Kevin o Chris,Evoluiu,2019-03-15,2019,66,0.66,179644,2.99
Soul,Maldita de Ex,Mc Leozin,Maldita de Ex,2019-06-27,2019,65,0.65,164257,2.74
Soul,Pra Inveja É Tchau,Mc Kevin,Pra Inveja É Tchau,2018-06-07,2018,65,0.65,173233,2.89
Soul,Aquariano Nato,MC Saci,Funktroit,2023-07-25,2023,66,0.66,116307,1.94
Soul,Set do G15 - A Revoada Começou,MC G15,Set do G15 - A Revoada Começou,2022-04-20,2022,66,0.66,542000,9.03
Soul,Se Concentra e Senta,MC Menor da VG,VG Sessions - Vibe em Ilhabela,2022-11-28,2022,67,0.67,177230,2.95
Soul,"Ela Vem, Brota no Meu Setor",DJ Zigão,"Ela Vem, Brota no Meu Setor",2024-07-20,2024,65,0.65,166269,2.77
Soul,Joga Nele - Remix,MC Marcelly,Joga Nele (Remix),2025-10-24,2025,67,0.67,109461,1.82
Soul,Vou Raspar Seu Bigodin,Mc Dricka,Vou Raspar Seu Bigodin,2025-01-17,2025,65,0.65,104000,1.73
Soul,Set do DJ Pedro 2.0,MC Rodolfinho,Set do DJ Pedro 2.0,2020-03-15,2020,64,0.64,247741,4.13
Soul,Do Jeito Que Você Mete,DJ L30,Do Jeito Que Você Mete,2024-02-20,2024,66,0.66,120950,2.02
Soul,Hoje Eu Vou Parar Na Gaiola,Mc Livinho,Hoje Eu Vou Parar Na Gaiola,2018-10-17,2018,68,0.68,177093,2.95
Soul,Postura de Bandido Mau,Mc Anjim,Tropa 7Lc,2019-12-01,2019,64,0.64,180976,3.02
Soul,Toma Karen (Arrochadeira),MC Fabinho da Osk,Toma Karen (Arrochadeira),2024-07-12,2024,64,0.64,148338,2.47
Soul,Vem Novinha pro Cafofo,Trovão no Beat,Vem Novinha pro Cafofo,2024-11-22,2024,66,0.66,158720,2.65
Soul,Faz o M,Mc Fantaxma,Faz o M,2025-05-06,2025,68,0.68,179234,2.99
Soul,MTG QUEM NÃO QUER SOU EU,DJ TOPO,MTG QUEM NÃO QUER SOU EU,2024-05-10,2024,67,0.67,123692,2.06
Soul,Vamos pra Gaiola,MC Kevin o Chris,Vamos pra Gaiola,2019-01-11,2019,68,0.68,161600,2.69
Soul,Pega Essa Chapada,DJ Dozabri,Pega Essa Chapada,2025-07-17,2025,67,0.67,125538,2.09
Soul,Eu Vou Te Pegar,Mc Pedrinho,Eu Vou Te Pegar,2018-01-16,2018,64,0.64,203012,3.38
Soul,Braba No Chá,DJ CZ,Braba No Chá,2025-04-25,2025,66,0.66,129229,2.15
Soul,FANTASMA (versão GORDÃO DO PC),GORDÃO DO PC,FANTASMA (versão GORDÃO DO PC),2024-12-11,2024,67,0.67,171162,2.85
Soul,Foda Selvagem,Dj Dédda,Foda Selvagem,2025-08-26,2025,67,0.67,109090,1.82
Soul,Passa o Teu Bigode,Lukão Mec,Passa o Teu Bigode,2025-05-30,2025,65,0.65,119244,1.99
Soul,Quando a vontade bater (Participação especial de PK Delas),Pk,Quando a vontade bater (Participação especial de PK Delas),2019-03-04,2019,68,0.68,166400,2.77
Soul,Cachorrinha de Madame,DJ DUARTE,Cachorrinha de Madame,2025-01-10,2025,66,0.66,147692,2.46
Soul,ME LIGOU NA MADRUGADA,DJ PK O Único,ME LIGOU NA MADRUGADA,2025-06-24,2025,66,0.66,118875,1.98
Soul,Baile do Panta,Nego Trufa,Baile do Panta,2025-04-01,2025,66,0.66,129229,2.15
Soul,POCPOC,PEDRO SAMPAIO,ASTRO,2024-09-04,2024,65,0.65,127384,2.12
Soul,Ela É Diferenciada,MC Nito,Ela É Diferenciada,2025-11-17,2025,1,0.01,143003,2.38
Soul,Bad Dreams,Teddy Swims,I've Tried Everything But Therapy (Part 2),2025-01-24,2025,84,0.84,184577,3.08
Rock,Thunderstruck,AC/DC,The Razors Edge,1990-09-24,1990,87,0.87,292333,4.87
Rock,Californication,Red Hot Chili Peppers,Californication (Deluxe Edition),1999-06-08,1999,85,0.85,329733,5.5
Rock,Toxicity,System Of A Down,Toxicity,2001-09-04,2001,84,0.84,218933,3.65
Rock,What I've Done,Linkin Park,Minutes to Midnight,2007-05-14,2007,85,0.85,205226,3.42
Rock,Welcome To The Jungle,Guns N' Roses,Appetite For Destruction,1987-07-21,1987,84,0.84,273480,4.56
Rock,Sultans Of Swing,Dire Straits,Dire Straits,1978-10-07,1978,84,0.84,348400,5.81
Rock,Lonely Day,System Of A Down,Hypnotize,2005-11-22,2005,83,0.83,167906,2.8
Rock,Enter Sandman - Remastered 2021,Metallica,Metallica (Remastered Deluxe Box Set),2021-09-10,2021,85,0.85,331560,5.53
Rock,Back In Black,AC/DC,Back In Black,1980-07-25,1980,85,0.85,256000,4.27
Rock,Bring Me To Life,Evanescence,Fallen,2003-03-04,2003,88,0.88,235893,3.93
Rock,Have You Ever Seen The Rain,Creedence Clearwater Revival,Pendulum (Expanded Edition),1970-12-07,1970,86,0.86,160133,2.67
Rock,In the End,Linkin Park,Hybrid Theory (Bonus Edition),2000-10-24,2000,89,0.89,216880,3.61
Rock,Somewhere I Belong,Linkin Park,Meteora (Bonus Edition),2003-03-25,2003,83,0.83,213933,3.57
Rock,November Rain,Guns N' Roses,Use Your Illusion I,1991-09-17,1991,83,0.83,536066,8.93
Rock,Losing My Religion,R.E.M.,Out Of Time (25th Anniversary Edition),1991-03-12,1991,86,0.86,268426,4.47
Rock,Creep,Radiohead,Pablo Honey,1993-02-22,1993,92,0.92,238640,3.98
Rock,Chop Suey!,System Of A Down,Toxicity,2001-09-04,2001,86,0.86,210240,3.5
Rock,Sweet Child O' Mine,Guns N' Roses,Appetite For Destruction,1987-07-21,1987,88,0.88,356066,5.93
Rock,Faint,Linkin Park,Meteora,2003-03-25,2003,84,0.84,162106,2.7
Rock,Aerials,System Of A Down,Toxicity,2001-09-04,2001,83,0.83,235053,3.92
Rock,Numb,Linkin Park,Meteora,2003-03-25,2003,88,0.88,187520,3.13
Rock,Highway to Hell,AC/DC,Highway to Hell,1979-07-27,1979,86,0.86,208110,3.47
Rock,Otherside,Red Hot Chili Peppers,Californication (Deluxe Edition),1999-06-08,1999,85,0.85,255373,4.26
Rock,I Was Made For Lovin' You,KISS,Dynasty,1979-03-23,1979,85,0.85,271240,4.52
Rock,Seven Nation Army,The White Stripes,Elephant,2003-04-01,2003,84,0.84,232106,3.87
Rock,B.Y.O.B.,System Of A Down,Mezmerize,2005-05-17,2005,79,0.79,255466,4.26
Rock,Monster,Skillet,Awake,2009-08-21,2009,82,0.82,178013,2.97
Rock,Nothing Else Matters - Remastered 2021,Metallica,Metallica (Remastered Deluxe Box Set),2021-09-10,2021,83,0.83,388733,6.48
Rock,Under Pressure - Remastered 2011,Queen,Hot Space (2011 Remaster),1982-05-03,1982,82,0.82,248440,4.14
Rock,Dream On,Aerosmith,Aerosmith,1973-01-05,1973,84,0.84,267596,4.46
Rock,Wish You Were Here,Pink Floyd,Wish You Were Here,1975-09-12,1975,82,0.82,338466,5.64
Rock,The Chain - 2004 Remaster,Fleetwood Mac,Rumours (Super Deluxe),1977-02-04,1977,87,0.87,270213,4.5
Rock,Under the Bridge,Red Hot Chili Peppers,Blood Sugar Sex Magik (Deluxe Edition),1991-09-24,1991,85,0.85,264306,4.41
Rock,Don't Cry (Original),Guns N' Roses,Use Your Illusion I,1991-09-17,1991,81,0.81,283733,4.73
Rock,Don't Stop Me Now - Remastered 2011,Queen,Jazz (2011 Remaster),1978-11-10,1978,83,0.83,209413,3.49
Rock,Knockin' On Heaven's Door,Guns N' Roses,Use Your Illusion II,1991-09-18,1991,82,0.82,336000,5.6
Rock,You Shook Me All Night Long,AC/DC,Back In Black,1980-07-25,1980,83,0.83,210328,3.51
Rock,"Another Brick in the Wall, Pt. 2",Pink Floyd,The Wall,1979-11-30,1979,81,0.81,238946,3.98
Rock,Scar Tissue,Red Hot Chili Peppers,Californication (Deluxe Edition),1999-06-08,1999,86,0.86,215906,3.6
Rock,It's My Life,Bon Jovi,Crush,2000-01-01,2000,82,0.82,224493,3.74
Rock,Paradise City,Guns N' Roses,Appetite For Destruction,1987-07-21,1987,82,0.82,405600,6.76
Rock,Can't Stop,Red Hot Chili Peppers,By the Way (Deluxe Edition),2002-07-09,2002,86,0.86,269000,4.48
Rock,Só Hoje,Jota Quest,Discotecagem Pop Variada,2002-06-15,2002,66,0.66,211360,3.52
Rock,Quase Sem Querer,Legião Urbana,Dois,1986-01-01,1986,66,0.66,280466,4.67
Rock,Crawling,Linkin Park,Hybrid Theory (Bonus Edition),2000-10-24,2000,82,0.82,208960,3.48
Rock,Resposta,Skank,Siderado,1998-06-22,1998,67,0.67,243933,4.07
Rock,Senhor Do Tempo,Charlie Brown Jr.,Imunidade Musical,2005-01-01,2005,67,0.67,202826,3.38
Rock,Quando o sol se for,Detonautas,Detonautas (Nova Versão),2003-01-27,2003,66,0.66,209173,3.49
Rock,Olhos certos,Detonautas,Detonautas (Nova Versão),2003-01-27,2003,66,0.66,262586,4.38
Rock,One Step Closer,Linkin Park,Hybrid Theory (Bonus Edition),2000-10-24,2000,83,0.83,157333,2.62
Rock,Paranoid - 2009 Remaster,Black Sabbath,Paranoid,1970-09-18,1970,81,0.81,167720,2.8
Rock,Vamos Fugir,Skank,Radiola,2004-10-01,2004,67,0.67,240133,4.0
Latin,YO y TÚ,Ovy On The Drums,YO y TÚ,2025-06-11,2025,88,0.88,198153,3.3
Latin,Tití Me Preguntó,Bad Bunny,Un Verano Sin Ti,2022-05-06,2022,84,0.84,243716,4.06
Latin,Quiero Decirte,Abraham Mateo,Quiero Decirte,2022-05-12,2022,81,0.81,222348,3.71
Latin,VITAMINA,Jombriel,VITAMINA,2025-02-27,2025,81,0.81,208743,3.48
Latin,COQUETA,Fuerza Regida,MALA MÍA,2024-12-19,2024,87,0.87,241648,4.03
Latin,"Shakira: Bzrp Music Sessions, Vol. 53/66",Bizarrap,"Shakira: Bzrp Music Sessions, Vol. 53/66",2023-01-11,2023,76,0.76,214945,3.58
Latin,La Mentira,Luis Miguel,Romance,1991-11-19,1991,79,0.79,226493,3.77
Latin,Ivonny Bonita,KAROL G,Tropicoqueta,2025-06-20,2025,83,0.83,222458,3.71
Latin,(When You Gonna) Give It Up to Me (feat. Keyshia Cole) - Radio Version,Sean Paul,(When You Gonna) Give It up to Me (feat. Keyshia Cole),2006-09-30,2006,78,0.78,243880,4.06
Latin,"Daddy Yankee: Bzrp Music Sessions, Vol. 0/66",Bizarrap,"Daddy Yankee: Bzrp Music Sessions, Vol. 0/66",2025-11-05,2025,89,0.89,151805,2.53
Latin,Se Preparó,Ozuna,Odisea,2017-08-25,2017,82,0.82,188080,3.13
Latin,PROVENZA,KAROL G,MAÑANA SERÁ BONITO,2023-02-24,2023,81,0.81,207626,3.46
Latin,Temperature,Sean Paul,The Trinity,2005-09-27,2005,83,0.83,216320,3.61
Latin,Si Antes Te Hubiera Conocido,KAROL G,Si Antes Te Hubiera Conocido,2024-06-21,2024,84,0.84,195824,3.26
Latin,WELTiTA,Bad Bunny,DeBÍ TiRAR MáS FOToS,2025-01-05,2025,82,0.82,187507,3.13
Latin,Shake It To The Max (FLY) - Remix,MOLIY,Shake It To The Max (FLY) (Remix),2025-02-21,2025,84,0.84,178775,2.98
Latin,VeLDÁ,Bad Bunny,DeBÍ TiRAR MáS FOToS,2025-01-05,2025,87,0.87,235336,3.92
Latin,DtMF,Bad Bunny,DeBÍ TiRAR MáS FOToS,2025-01-05,2025,91,0.91,237117,3.95
Latin,"Ride Or Die, Pt. 2 (with Villano Antillano & Tokischa)",Sevdaliza,"Ride Or Die, Pt. 2",2024-04-18,2024,80,0.8,158728,2.65
Latin,Yo Voy (feat. Daddy Yankee),Zion & Lennox,Motivando a la Yal,2004-05-04,2004,80,0.8,232019,3.87
Latin,La Tortura (feat. Alejandro Sanz),Shakira,Fijación Oral Volumen 1 (Expanded Edition),2005-06-03,2005,81,0.81,216225,3.6
Latin,LATINA FOREVA,KAROL G,Tropicoqueta,2025-06-20,2025,81,0.81,159522,2.66
Latin,Soltera,Shakira,Soltera,2024-09-25,2024,79,0.79,214642,3.58
Latin,EoO,Bad Bunny,DeBÍ TiRAR MáS FOToS,2025-01-05,2025,88,0.88,204768,3.41
Latin,LA CANCIÓN,J Balvin,OASIS,2019-06-28,2019,86,0.86,242573,4.04
Latin,Azul,J Balvin,Colores,2020-03-19,2020,79,0.79,205933,3.43
Latin,Hawái,Maluma,PAPI JUANCHO,2020-08-21,2020,79,0.79,199112,3.32
Latin,GIRL LIKE ME,Black Eyed Peas,TRANSLATION,2020-11-02,2020,79,0.79,222522,3.71
Latin,X (feat. Maluma & Ozuna) - Remix,Nicky Jam,X (feat. Maluma & Ozuna) [Remix],2018-06-29,2018,80,0.8,236000,3.93
Latin,ME JALO,Fuerza Regida,MALA MÍA,2024-12-19,2024,84,0.84,212002,3.53
Latin,Si No Estás,iñigo quintero,Si No Estás,2022-09-23,2022,79,0.79,184061,3.07
Latin,Gata Only,FloyyMenor,Gata Only,2024-02-02,2024,85,0.85,222000,3.7
Latin,VOY A LLeVARTE PA PR,Bad Bunny,DeBÍ TiRAR MáS FOToS,2025-01-05,2025,87,0.87,156364,2.61
Latin,Gasolina,Daddy Yankee,Barrio Fino (Bonus Track Version),2004-07-13,2004,84,0.84,192600,3.21
Latin,Felices los 4,Maluma,F.A.M.E.,2018-05-18,2018,78,0.78,229848,3.83
Latin,Downtown,Anitta,Downtown,2017-11-19,2017,78,0.78,193456,3.22
Latin,NUEVAYoL,Bad Bunny,DeBÍ TiRAR MáS FOToS,2025-01-05,2025,89,0.89,183685,3.06
Latin,Me Rehúso,Danny Ocean,54+1,2019-03-22,2019,83,0.83,205714,3.43
Latin,Chantaje (feat. Maluma),Shakira,El Dorado,2017-05-26,2017,81,0.81,195840,3.26
Latin,BAILE INoLVIDABLE,Bad Bunny,DeBÍ TiRAR MáS FOToS,2025-01-05,2025,90,0.9,367725,6.13
Latin,TQG,KAROL G,MAÑANA SERÁ BONITO,2023-02-24,2023,81,0.81,197933,3.3
Latin,no tiene sentido,Beéle,BORONDO,2025-05-15,2025,88,0.88,158036,2.63
Latin,Danza Kuduro,Don Omar,Meet The Orphans,2010-01-01,2010,84,0.84,198773,3.31
Latin,Qué Pasaría...,Rauw Alejandro,Cosa Nuestra,2024-11-15,2024,88,0.88,191018,3.18
Latin,La Plena - W Sound 05,W Sound,La Plena (W Sound 05),2025-02-19,2025,89,0.89,150001,2.5
Latin,Si Antes Te Hubiera Conocido,KAROL G,Tropicoqueta,2025-06-20,2025,81,0.81,195824,3.26
Latin,Berghain,ROSALÍA,LUX,2025-11-07,2025,85,0.85,178853,2.98
Latin,Tiroteo - Remix,Marc Seguí,Tiroteo (Remix),2021-04-01,2021,84,0.84,321555,5.36
Latin,TU VAS SIN (fav),Rels B,afroLOVA 25',2025-06-20,2025,90,0.9,110495,1.84
Latin,BOKeTE,Bad Bunny,DeBÍ TiRAR MáS FOToS,2025-01-05,2025,79,0.79,215983,3.6
Latin,Addicted to You,Shakira,Sale el Sol,2010-10-19,2010,79,0.79,147480,2.46
Latin,Obsesion,Aventura,We Broke The Rules,2002-06-01,2002,80,0.8,254720,4.25
Latin,Hecha Pa' Mi,Boza,Más Negro Que Rojo,2020-07-31,2020,79,0.79,186133,3.1
Latin,KETU TeCRÉ,Bad Bunny,DeBÍ TiRAR MáS FOToS,2025-01-05,2025,79,0.79,250789,4.18
Latin,TURiSTA,Bad Bunny,DeBÍ TiRAR MáS FOToS,2025-01-05,2025,79,0.79,190028,3.17
Latin,Shiny,Easykid,I'M PART,2025-06-11,2025,88,0.88,158480,2.64
Latin,Diles,Bad Bunny,Diles,2016-08-26,2016,85,0.85,286040,4.77
Latin,DÁKITI,Bad Bunny,DÁKITI,2020-10-30,2020,78,0.78,205090,3.42
Latin,Ay Vamos,J Balvin,La Familia B Sides,2014-09-12,2014,78,0.78,226413,3.77
Latin,top diesel,Beéle,BORONDO,2025-05-15,2025,84,0.84,189456,3.16
Latin,CAFé CON RON,Bad Bunny,DeBÍ TiRAR MáS FOToS,2025-01-05,2025,79,0.79,228836,3.81
Latin,LA MuDANZA,Bad Bunny,DeBÍ TiRAR MáS FOToS,2025-01-05,2025,78,0.78,213010,3.55
Latin,Hips Don't Lie - Spotify Anniversary Version,Shakira,Spotify Anniversary | Oral Fixation (20th) and Pies Descalzos (30th) LIVE,2025-10-22,2025,80,0.8,208730,3.48
Latin,PIToRRO DE COCO,Bad Bunny,DeBÍ TiRAR MáS FOToS,2025-01-05,2025,76,0.76,206627,3.44
Latin,Es un Secreto,Plan B,House of Pleasure,2010-07-20,2010,82,0.82,192120,3.2
Latin,LALA,Myke Towers,LA VIDA ES UNA,2023-03-23,2023,79,0.79,197920,3.3
Latin,El Perdedor,Maluma,"Pretty Boy, Dirty Boy",2015-10-30,2015,80,0.8,207168,3.45
Latin,Rompe,Daddy Yankee,Barrio Fino En Directo,2005-01-01,2005,78,0.78,188626,3.14
Latin,Moscow Mule,Bad Bunny,Un Verano Sin Ti,2022-05-06,2022,83,0.83,245939,4.1
Latin,El Efecto,Rauw Alejandro,El Efecto,2019-03-15,2019,82,0.82,217142,3.62
Latin,Tu Sin Mi,Dread Mar I,Vivi En Do,2010-05-01,2010,77,0.77,245055,4.08
Latin,KLOuFRENS,Bad Bunny,DeBÍ TiRAR MáS FOToS,2025-01-05,2025,84,0.84,199114,3.32
Latin,Imitadora,Romeo Santos,Golden,2017-07-21,2017,82,0.82,234828,3.91
Latin,AMARGURA,KAROL G,MAÑANA SERÁ BONITO,2023-02-24,2023,82,0.82,170480,2.84
Latin,Borro Cassette,Maluma,"Pretty Boy, Dirty Boy",2015-10-30,2015,83,0.83,207296,3.45
Latin,EL CLúB,Bad Bunny,DeBÍ TiRAR MáS FOToS,2025-01-05,2025,78,0.78,222568,3.71
Latin,No Me Conoce - Remix,JHAYCO,Famouz,2019-05-24,2019,82,0.82,309120,5.15
Latin,LA NOCHE DE ANOCHE,Bad Bunny,EL ÚLTIMO TOUR DEL MUNDO,2020-11-27,2020,78,0.78,203200,3.39
Latin,DÁKITI,Bad Bunny,EL ÚLTIMO TOUR DEL MUNDO,2020-11-27,2020,77,0.77,205090,3.42
Latin,MONACO,Bad Bunny,nadie sabe lo que va a pasar mañana,2023-10-13,2023,80,0.8,267194,4.45
Latin,El Perdón (with Enrique Iglesias),Nicky Jam,Fénix,2017-01-20,2017,78,0.78,205906,3.43
Latin,PERRO NEGRO,Bad Bunny,nadie sabe lo que va a pasar mañana,2023-10-13,2023,83,0.83,162767,2.71
Latin,Estoy Aquí,Shakira,Pies Descalzos,1995-10-06,1995,72,0.72,232466,3.87
Latin,11 PM,Maluma,11:11,2019-05-17,2019,77,0.77,175733,2.93
Latin,BESO,ROSALÍA,RR,2023-03-24,2023,79,0.79,194543,3.24
Latin,Ojitos Lindos,Bad Bunny,Un Verano Sin Ti,2022-05-06,2022,83,0.83,258298,4.3
Latin,Escápate Conmigo (feat. Ozuna),Wisin,Victory,2017-12-01,2017,76,0.76,232786,3.88
Latin,La Bicicleta,Carlos Vives,VIVES,2017-11-10,2017,75,0.75,229509,3.83
Latin,QLONA,KAROL G,MAÑANA SERÁ BONITO (BICHOTA SEASON),2023-08-10,2023,80,0.8,172797,2.88
Latin,La Bachata,Manuel Turizo,2000,2023-03-17,2023,79,0.79,162637,2.71
Latin,PERFuMITO NUEVO,Bad Bunny,DeBÍ TiRAR MáS FOToS,2025-01-05,2025,81,0.81,200680,3.34
Latin,Me Porto Bonito,Bad Bunny,Un Verano Sin Ti,2022-05-06,2022,82,0.82,178567,2.98
Latin,El Amante,Nicky Jam,Fénix,2017-01-20,2017,76,0.76,219506,3.66
Latin,Verano Rosa,KAROL G,Tropicoqueta,2025-06-20,2025,85,0.85,210047,3.5
Latin,mi refe,Beéle,BORONDO,2025-05-15,2025,84,0.84,159404,2.66
Latin,capaz (merengueton),Alleh,LA CIUDAD,2024-12-24,2024,84,0.84,173858,2.9
Latin,LUNA,Feid,FERXXOCALIPSIS,2023-12-01,2023,85,0.85,196800,3.28
Metal,One,Metallica,…And Justice for All (Remastered),1988-08-25,1988,77,0.77,446145,7.44
Metal,Freak On a Leash,Korn,Follow The Leader,1998-08-18,1998,80,0.8,255729,4.26
Metal,Last Resort,Papa Roach,Infest,2000-04-25,2000,83,0.83,199906,3.33
Metal,I-E-A-I-A-I-O,System Of A Down,Steal This Album!,2002-11-26,2002,74,0.74,188600,3.14
Metal,A Place for My Head,Linkin Park,Hybrid Theory (Bonus Edition),2000-10-24,2000,76,0.76,184640,3.08
Metal,No More Tears,Ozzy Osbourne,No More Tears (Expanded Edition),1991-09-17,1991,79,0.79,444983,7.42
Metal,My Way,Limp Bizkit,Chocolate Starfish And The Hot Dog Flavored Water,2000-10-17,2000,79,0.79,272973,4.55
Metal,Livin' On A Prayer,Bon Jovi,Slippery When Wet,1986-08-16,1986,81,0.81,249293,4.15
Metal,From the Inside,Linkin Park,Meteora (Bonus Edition),2003-03-25,2003,73,0.73,175506,2.93
Metal,Given Up,Linkin Park,Minutes to Midnight,2007-05-14,2007,80,0.8,189293,3.15
Metal,Master Of Puppets,Metallica,Master Of Puppets (Remastered),1986-03-03,1986,79,0.79,515386,8.59
Metal,The Emptiness Machine,Linkin Park,The Emptiness Machine,2024-09-05,2024,78,0.78,190427,3.17
Metal,My Own Summer (Shove It),Deftones,Around the Fur,1997-10-27,1997,82,0.82,214760,3.58
Metal,Lying from You,Linkin Park,Meteora (Bonus Edition),2003-03-25,2003,76,0.76,175053,2.92
Metal,Sonne,Rammstein,Mutter,2001-04-02,2001,78,0.78,272440,4.54
Metal,Sugar,System Of A Down,System Of A Down,1998-06-30,1998,72,0.72,153800,2.56
Metal,Psychosocial,Slipknot,All Hope Is Gone (10th Anniversary),2008-08-20,2008,79,0.79,284120,4.74
Metal,Bleed It Out,Linkin Park,Minutes to Midnight,2007-05-14,2007,81,0.81,164426,2.74
Metal,Hail to the King,Avenged Sevenfold,Hail to the King,2013-08-23,2013,78,0.78,305906,5.1
Metal,Take A Look Around,Limp Bizkit,Chocolate Starfish And The Hot Dog Flavored Water,2000-10-17,2000,81,0.81,321040,5.35
Metal,Breaking the Habit,Linkin Park,Meteora (Bonus Edition),2003-03-25,2003,76,0.76,196133,3.27
Metal,Behind Blue Eyes,Limp Bizkit,Results May Vary,2003-01-01,2003,79,0.79,269973,4.5
Metal,Papercut,Linkin Park,Hybrid Theory (Bonus Edition),2000-10-24,2000,80,0.8,184866,3.08
Metal,Rollin' (Air Raid Vehicle),Limp Bizkit,Chocolate Starfish And The Hot Dog Flavored Water,2000-10-17,2000,83,0.83,213760,3.56
Metal,BURN IT DOWN,Linkin Park,LIVING THINGS,2012-06-19,2012,81,0.81,230253,3.84
Metal,Heavy Is the Crown,Linkin Park,From Zero,2024-11-15,2024,77,0.77,167012,2.78
Metal,The Emptiness Machine,Linkin Park,From Zero,2024-11-15,2024,81,0.81,190427,3.17
Metal,The Unforgiven - Remastered 2021,Metallica,Metallica (Remastered 2021),2021-09-10,2021,75,0.75,387160,6.45
Metal,Faint,Linkin Park,Meteora (Bonus Edition),2003-03-25,2003,71,0.71,162106,2.7
Metal,Heavy Is the Crown,Linkin Park,Heavy Is the Crown,2024-09-24,2024,73,0.73,167012,2.78
Metal,Walk,Pantera,Vulgar Display of Power,1992-02-21,1992,76,0.76,315120,5.25
Metal,Kickstart My Heart,Mötley Crüe,Dr. Feelgood,1989-09-02,1989,80,0.8,282653,4.71
Metal,Figure.09,Linkin Park,Meteora (Bonus Edition),2003-03-25,2003,73,0.73,197506,3.29
Metal,Down with the Sickness,Disturbed,The Sickness,2000-03-07,2000,78,0.78,279213,4.65
Metal,Fuel,Metallica,Reload,1997-01-01,1997,74,0.74,269800,4.5
Metal,Seek & Destroy - Remastered,Metallica,Kill 'Em All (Remastered),1983-07-24,1983,73,0.73,414720,6.91
Metal,Cherry Waves,Deftones,Saturday Night Wrist,2006-10-25,2006,79,0.79,317706,5.3
Metal,Unsainted,Slipknot,We Are Not Your Kind,2019-08-09,2019,73,0.73,260773,4.35
Metal,My Generation,Limp Bizkit,Chocolate Starfish And The Hot Dog Flavored Water,2000-10-17,2000,76,0.76,221000,3.68
Metal,Falling Away from Me,Korn,Issues,1999-11-09,1999,76,0.76,270920,4.52
Metal,The Unforgiven II,Metallica,Reload,1997-01-01,1997,69,0.69,396440,6.61
Metal,Sad But True - Remastered 2021,Metallica,Metallica (Remastered Deluxe Box Set),2021-09-10,2021,75,0.75,324600,5.41
Metal,Waiting for the End,Linkin Park,A Thousand Suns,2010-09-08,2010,71,0.71,231680,3.86
Metal,Cut the Bridge,Linkin Park,From Zero,2024-11-15,2024,69,0.69,228606,3.81
Metal,N.I.B. - 2009 Remaster,Black Sabbath,Black Sabbath,1970-02-13,1970,68,0.68,366173,6.1
Metal,Points of Authority,Linkin Park,Hybrid Theory (Bonus Edition),2000-10-24,2000,72,0.72,200240,3.34
Metal,"Afterlife (from the Netflix Series ""Devil May Cry"")",Evanescence,"Afterlife (from the Netflix Series ""Devil May Cry"")",2025-03-28,2025,73,0.73,249960,4.17
Metal,Custer,Slipknot,.5: The Gray Chapter (Special Edition),2014-10-15,2014,75,0.75,254466,4.24
Metal,Blind,Korn,Korn,1994-10-11,1994,76,0.76,258266,4.3
Metal,The Devil in I,Slipknot,.5: The Gray Chapter (Special Edition),2014-10-15,2014,74,0.74,342821,5.71
Metal,Be Quiet and Drive (Far Away),Deftones,Around the Fur,1997-10-27,1997,80,0.8,299866,5.0
Metal,Violent Pornography,System Of A Down,Mezmerize,2005-05-17,2005,72,0.72,211333,3.52
Metal,Spiders,System Of A Down,System Of A Down,1998-06-30,1998,70,0.7,215066,3.58
Metal,ATWA,System Of A Down,Toxicity,2001-09-04,2001,72,0.72,176200,2.94
Metal,Radio/Video,System Of A Down,Mezmerize,2005-05-17,2005,72,0.72,249226,4.15
Metal,Throne,Bring Me The Horizon,That's The Spirit,2015-09-11,2015,77,0.77,191520,3.19
Metal,Sextape,Deftones,Diamond Eyes,2010-04-30,2010,81,0.81,241533,4.03
Metal,You Give Love A Bad Name,Bon Jovi,Slippery When Wet,1986-08-16,1986,77,0.77,222706,3.71
Metal,Runaway,Linkin Park,Hybrid Theory (Bonus Edition),2000-10-24,2000,73,0.73,183973,3.07
Metal,Runaway,Bon Jovi,Bon Jovi,1984-01-23,1984,75,0.75,230666,3.84
Metal,LOST IN THE ECHO,Linkin Park,LIVING THINGS,2012-06-19,2012,71,0.71,205120,3.42
Metal,Can You Feel My Heart,Bring Me The Horizon,Sempiternal (Expanded Edition),2013-04-01,2013,79,0.79,227296,3.79
Metal,Snuff,Slipknot,All Hope Is Gone (10th Anniversary),2008-08-20,2008,70,0.7,276146,4.6
Metal,I'll Be There For You,Bon Jovi,New Jersey (Deluxe Edition),1988-09-13,1988,71,0.71,346586,5.78
Metal,Bodies,Drowning Pool,Sinner,2001-01-01,2001,78,0.78,201960,3.37
Metal,Leave Out All The Rest,Linkin Park,Minutes to Midnight,2007-05-14,2007,75,0.75,209306,3.49
Metal,Whiskey In The Jar,Metallica,Garage Inc.,1998-01-01,1998,75,0.75,304693,5.08
Metal,Two Faced,Linkin Park,From Zero,2024-11-15,2024,72,0.72,183584,3.06
Metal,CASTLE OF GLASS,Linkin Park,LIVING THINGS,2012-06-19,2012,77,0.77,205400,3.42
Metal,Live And Let Die,Guns N' Roses,Use Your Illusion I,1991-09-17,1991,73,0.73,182733,3.05
Metal,You Could Be Mine,Guns N' Roses,Use Your Illusion II,1991-09-18,1991,72,0.72,343640,5.73
Metal,For Whom The Bell Tolls - Remastered,Metallica,Ride The Lightning (Deluxe / Remastered),1984-07-26,1984,73,0.73,309973,5.17
Metal,Hypnotize,System Of A Down,Hypnotize,2005-11-22,2005,74,0.74,189440,3.16
Metal,Up From the Bottom,Linkin Park,From Zero (Deluxe Edition),2025-05-16,2025,75,0.75,183223,3.05
Folk & Acoustic,Fever To The Form,Nick Mulvey,First Mind,2014-05-12,2014,68,0.68,252960,4.22
Folk & Acoustic,"If I Go, I'm Goin",Gregory Alan Isakov,This Empty Northern Hemisphere,2009-01-01,2009,65,0.65,267160,4.45
Folk & Acoustic,Soaked to the Soul,VANNGO,Soaked to the Soul,2025-07-10,2025,39,0.39,251228,4.19
Folk & Acoustic,All My Days,Alexi Murdoch,Time Without Consequence,2009-08-04,2009,56,0.56,297306,4.96
Folk & Acoustic,"Drunk, Running",Lizzy McAlpine,Older (and Wiser),2025-11-14,2025,36,0.36,245732,4.1
Folk & Acoustic,Blame The Moon,Hazlett,Blame The Moon,2023-07-21,2023,66,0.66,223723,3.73
Folk & Acoustic,Older,Lizzy McAlpine,Older (and Wiser),2025-11-14,2025,35,0.35,201183,3.35
Folk & Acoustic,I Guess,Lizzy McAlpine,Older (and Wiser),2025-11-14,2025,36,0.36,224410,3.74
Folk & Acoustic,Thinking About You,Ocie Elliott,In That Room,2020-03-20,2020,62,0.62,177093,2.95
Folk & Acoustic,Wait for You,Ocie Elliott,Wait for You,2021-07-16,2021,61,0.61,193935,3.23
Folk & Acoustic,Emoji of a Wave,John Mayer,The Search for Everything,2017-04-14,2017,53,0.53,239666,3.99
Folk & Acoustic,The Woods - Acoustic,Hollow Coves,The Woods (Acoustic),2017-07-14,2017,66,0.66,239960,4.0
Folk & Acoustic,Nothing but Everything,Jon and Roy,The Road Ahead Is Golden,2017-06-09,2017,62,0.62,214537,3.58
Folk & Acoustic,Long Blue Light,Leif Vollebekk,Long Blue Light,2020-11-10,2020,66,0.66,200173,3.34
Folk & Acoustic,Purple,Hollow Coves,Nothing to Lose,2024-03-01,2024,51,0.51,265962,4.43
Folk & Acoustic,Old Pine,Ben Howard,Every Kingdom,2011-01-01,2011,66,0.66,328506,5.48
Folk & Acoustic,the night we met,Amistat,the night we met,2023-11-03,2023,54,0.54,166666,2.78
Folk & Acoustic,Colder Heavens,Blanco White,Colder Heavens - EP,2017-03-31,2017,64,0.64,273893,4.56
Folk & Acoustic,once in a while,GRAHAM,Cedarcliff,2024-11-01,2024,54,0.54,177500,2.96
Folk & Acoustic,Nothing Else,Angus & Julia Stone,Snow,2017-09-15,2017,59,0.59,263995,4.4
Folk & Acoustic,Into The Sun - EP Version,Sons Of The East,Already Gone,2015-11-06,2015,61,0.61,300499,5.01
Folk & Acoustic,Girl - Acoustic,SYML,When the Party's Over,2025-11-14,2025,39,0.39,211881,3.53
Folk & Acoustic,Be Slow,Harrison Storm,Be Slow,2020-02-14,2020,62,0.62,205286,3.42
Folk & Acoustic,Tidal Wave - Acoustic,Old Sea Brigade,Cover My Own (Acoustic),2018-04-20,2018,54,0.54,155050,2.58
Folk & Acoustic,Call It Dreaming,Iron & Wine,Beast Epic,2017-08-25,2017,66,0.66,231754,3.86
Folk & Acoustic,Sinner,Benjamin Steer,Sinner,2024-04-16,2024,62,0.62,220000,3.67
Folk & Acoustic,Delicate,Damien Rice,O,2003-03-24,2003,58,0.58,312066,5.2
Folk & Acoustic,The Open Road,Hollow Coves,Moments,2019-10-18,2019,56,0.56,200133,3.34
Folk & Acoustic,Minimum,Charlie Cunningham,Lines,2017-01-27,2017,70,0.7,194906,3.25
Folk & Acoustic,Runaway,Ziggy Alberts,Runaway,2015-10-09,2015,65,0.65,272733,4.55
Folk & Acoustic,San Luis,Gregory Alan Isakov,Evening Machines,2018-10-05,2018,73,0.73,272346,4.54
Folk & Acoustic,Only Love,Ben Howard,Every Kingdom,2011-01-01,2011,68,0.68,249173,4.15
Folk & Acoustic,No One Wants To Die Alone - Acoustic Version,Benjamin Steer,No One Wants To Die Alone (Acoustic Version),2025-01-02,2025,67,0.67,201818,3.36
Folk & Acoustic,Feeling You,Harrison Storm,Feeling You,2018-05-25,2018,63,0.63,201195,3.35
Folk & Acoustic,Mistakes,Gregory Alan Isakov,Appaloosa Bones,2023-08-18,2023,66,0.66,202680,3.38
Folk & Acoustic,Cannonball,Damien Rice,O,2003-03-24,2003,58,0.58,310000,5.17
Folk & Acoustic,Take Me Home,Ocie Elliott,Take Me Home,2020-12-11,2020,63,0.63,181958,3.03
Folk & Acoustic,Home,Hollow Coves,Wanderlust,2017-03-17,2017,60,0.6,202440,3.37
Folk & Acoustic,Alps,Novo Amor,Alps,2016-04-15,2016,63,0.63,194160,3.24
Folk & Acoustic,From Gold,Novo Amor,"Woodgate, NY",2014-03-31,2014,64,0.64,214335,3.57
Folk & Acoustic,Heartbeats,José González,Veneer,2003-07-02,2003,68,0.68,160240,2.67
Folk & Acoustic,Miracle - Acoustic Version,Benjamin Steer,Miracle (Acoustic Version),2025-11-14,2025,40,0.4,241621,4.03
Folk & Acoustic,All the Pretty Girls,KALEO,A/B,2016-06-10,2016,69,0.69,269893,4.5
Folk & Acoustic,Bloom (Online Bonus Track),The Paper Kites,Woodland,2011-07-01,2011,64,0.64,209816,3.5
Folk & Acoustic,Carry You,Novo Amor,Bathing Beach,2017-05-26,2017,70,0.7,273106,4.55
Folk & Acoustic,Georgia,Vance Joy,Dream Your Life Away (Deluxe Edition),2014-08-05,2014,70,0.7,230506,3.84
Folk & Acoustic,The Sound of Silence - Acoustic Version,Simon & Garfunkel,"Wednesday Morning, 3 A.M.",1964-10-19,1964,72,0.72,189432,3.16
Folk & Acoustic,Famous Blue Raincoat,Leonard Cohen,Songs of Love and Hate,1971-03-19,1971,60,0.6,315678,5.26
Folk & Acoustic,Hero,Family of the Year,Loma Vista,2012-07-10,2012,64,0.64,190280,3.17
Folk & Acoustic,Everything I Am Is Yours,Villagers,Darling Arithmetic,2015-04-13,2015,61,0.61,210013,3.5
Folk & Acoustic,Be - Acoustic,Hozier,"Wasteland, Baby! (Special Edition)",2019-03-01,2019,48,0.48,235346,3.92
Folk & Acoustic,Resin,Dustin Tebbutt,Resin,2020-08-28,2020,58,0.58,203939,3.4
Folk & Acoustic,Ran Away,Hollow Coves,Moments,2019-10-18,2019,50,0.5,255099,4.25
Folk & Acoustic,Tiger Striped Sky,Roo Panes,Little Giant,2014-10-06,2014,59,0.59,241720,4.03
Folk & Acoustic,Torn,Sons Of The East,Torn,2024-11-20,2024,57,0.57,180307,3.01
Folk & Acoustic,Hello,Hollow Coves,Hello,2021-05-07,2021,47,0.47,194000,3.23
Folk & Acoustic,My Stupid Mouth,John Mayer,Room For Squares,2001-08-16,2001,50,0.5,223960,3.73
Folk & Acoustic,Our Place,Justin Lee,Our Place,2023-05-26,2023,44,0.44,138913,2.32
Folk & Acoustic,Loving You (Is a Reflex),John Adams,Loving You (Is a Reflex),2025-11-14,2025,41,0.41,183538,3.06
Folk & Acoustic,Bones Shake,Hazlett,Bones Shake,2024-04-19,2024,58,0.58,226011,3.77
Folk & Acoustic,Even If It’s Lonely,Hazlett,Bloom Mountain,2023-01-13,2023,56,0.56,245439,4.09
Folk & Acoustic,Answers,Salt Tree,Answers,2025-06-06,2025,49,0.49,187100,3.12
Folk & Acoustic,Love Brought Weight,Old Sea Brigade,Old Sea Brigade,2016-01-22,2016,55,0.55,185746,3.1
Folk & Acoustic,Love Brought Weight,Old Sea Brigade,At My Best,2025-10-31,2025,57,0.57,185746,3.1
Folk & Acoustic,Arms,The Paper Kites,On the Train Ride Home,2018-04-18,2018,46,0.46,203560,3.39
Folk & Acoustic,Walk On - Acoustic,Conrad Sewell,Walk On - Acoustic,2025-11-19,2025,8,0.08,207187,3.45
Folk & Acoustic,Gone (The Pocahontas Song),Ziggy Alberts,Land & Sea,2014-12-11,2014,57,0.57,218500,3.64
Folk & Acoustic,Birthplace,Novo Amor,Birthplace,2018-10-19,2018,49,0.49,190573,3.18
Folk & Acoustic,We Had A Place In That Garden,Blanco White,Tarifa,2023-09-29,2023,59,0.59,225293,3.75
Folk & Acoustic,Purple,Hollow Coves,Purple,2021-11-05,2021,40,0.4,265962,4.43
Folk & Acoustic,Hope,Old Sea Brigade,Ode to a Friend,2019-01-04,2019,53,0.53,184013,3.07
Folk & Acoustic,Shiver,Lucy Rose,Like I Used To,2012-09-24,2012,50,0.5,233013,3.88
Folk & Acoustic,Thousand (feat. Lisa Hannigan),Rosie Carney,Bare,2019-01-25,2019,53,0.53,206440,3.44
Folk & Acoustic,We Watch The Stars - Berlin Session,Fink,Bloom Innocent (Acoustic),2020-04-17,2020,58,0.58,225543,3.76
Folk & Acoustic,Home To You,The Neighborly,Home To You,2023-11-09,2023,53,0.53,202800,3.38
Folk & Acoustic,Catholic Country,Kings of Convenience,Peace Or Love,2021-06-18,2021,53,0.53,181139,3.02
Folk & Acoustic,Lonely Nights,Hollow Coves,Lonely Nights,2021-03-26,2021,51,0.51,219533,3.66
Folk & Acoustic,Sweet Home,SYML,The Day My Father Died,2023-02-03,2023,56,0.56,248533,4.14
Folk & Acoustic,Shouldn't Matter but It Does,John Mayer,Sob Rock,2021-07-16,2021,54,0.54,236733,3.95
Folk & Acoustic,Bloom,LULLANAS,Bloom,2020-10-23,2020,53,0.53,173924,2.9
Folk & Acoustic,The Butterfly House,Seamus Harty,The Butterfly House,2025-06-27,2025,38,0.38,189173,3.15
Folk & Acoustic,Sense of Home,Harrison Storm,Sense of Home,2016-11-25,2016,57,0.57,265840,4.43
Folk & Acoustic,The Enemy,Andrew Belle,Black Bear,2013-08-20,2013,55,0.55,286865,4.78
Folk & Acoustic,Georgia,Vance Joy,Dream Your Life Away,2014-09-08,2014,56,0.56,230506,3.84
Folk & Acoustic,Naked as We Came,Iron & Wine,Our Endless Numbered Days (Deluxe Edition),2004-03-23,2004,62,0.62,152613,2.54
Folk & Acoustic,Little Giant,Roo Panes,Little Giant,2014-10-06,2014,50,0.5,292426,4.87
Folk & Acoustic,blue jean,Hazlett,last night you said you missed me,2025-09-12,2025,62,0.62,276611,4.61
Folk & Acoustic,Waiting On the World to Change (feat. Ben Harper),John Mayer,The Village Sessions,2006-12-12,2006,46,0.46,171666,2.86
Folk & Acoustic,Run,Harrison Storm,Run,2019-02-22,2019,57,0.57,196760,3.28
Folk & Acoustic,Settle Down - Acoustic,Woodlock,Settle Down (Acoustic),2021-07-16,2021,52,0.52,165376,2.76
Folk & Acoustic,Old Salt,Hazlett,Goodbye to the Valley Low (Side B),2024-10-04,2024,60,0.6,176041,2.93
Folk & Acoustic,Tidal Wave - Acoustic,Old Sea Brigade,At My Best,2025-10-31,2025,53,0.53,155050,2.58
Folk & Acoustic,Fortune - Acoustic,William Fitzsimmons,Acoustic Sessions,2014-08-05,2014,48,0.48,228019,3.8
Folk & Acoustic,Colder Heavens - Acoustic Version,Blanco White,Colder Heavens (Acoustic Version),2017-07-26,2017,53,0.53,236285,3.94
Folk & Acoustic,Beauty in the Light - Acoustic,Hollow Coves,Beauty in the Light (Acoustic),2020-03-06,2020,49,0.49,245506,4.09
Country,Far From Any Road,The Handsome Family,Singing Bones,2003-09-29,2003,67,0.67,166493,2.77
Country,Indigo (feat. Avery Anna),Sam Barber,Restless Mind,2024-11-01,2024,83,0.83,286634,4.78
Country,I'm The Problem,Morgan Wallen,I’m The Problem,2025-05-16,2025,83,0.83,177811,2.96
Country,Breathe,Faith Hill,Breathe,1999-11-09,1999,66,0.66,250546,4.18
Country,Life is a Highway,Rascal Flatts,Cars (Original Motion Picture Soundtrack),2006-01-01,2006,74,0.74,275640,4.59
Country,I Got Better,Morgan Wallen,I’m The Problem,2025-05-16,2025,86,0.86,204963,3.42
Country,Pink Skies,Zach Bryan,Pink Skies,2024-05-24,2024,84,0.84,194920,3.25
Country,Keep The Wolves Away,Uncle Lucius,And You Are Me,2012-08-28,2012,78,0.78,275520,4.59
Country,When It Rains It Pours,Luke Combs,This One's for You,2017-06-02,2017,80,0.8,242680,4.04
Country,Something in the Orange,Zach Bryan,Something in the Orange,2022-04-22,2022,86,0.86,228013,3.8
Country,In Case You Didn't Know,Brett Young,Brett Young,2017-02-10,2017,74,0.74,224853,3.75
Country,Ain't No Love In Oklahoma (From Twisters: The Album),Luke Combs,Ain't No Love In Oklahoma (From Twisters: The Album),2024-05-16,2024,81,0.81,210950,3.52
Country,One Number Away,Luke Combs,This One's for You,2017-06-02,2017,76,0.76,222573,3.71
Country,I Remember Everything (feat. Kacey Musgraves),Zach Bryan,Zach Bryan,2023-08-25,2023,86,0.86,227195,3.79
Country,Forever After All,Luke Combs,What You See Ain't Always What You Get (Deluxe Edition),2020-10-23,2020,80,0.8,232489,3.87
Country,Millionaire,Chris Stapleton,From A Room: Volume 2,2017-12-01,2017,75,0.75,210133,3.5
Country,A Bar Song (Tipsy),Shaboozey,A Bar Song (Tipsy),2024-04-12,2024,83,0.83,171291,2.85
Country,Better Me For You (Brown Eyes),Max McNown,Night Diving,2025-01-24,2025,81,0.81,194120,3.24
Country,Ordinary (feat. Luke Combs) - Live from Lollapalooza,Alex Warren,Ordinary (feat. Luke Combs) - Live from Lollapalooza,2025-08-07,2025,78,0.78,205467,3.42
Country,Tennessee Whiskey,Chris Stapleton,Traveller,2015-05-04,2015,84,0.84,293293,4.89
Country,weren't for the wind,Ella Langley,still hungover,2024-11-01,2024,82,0.82,193666,3.23
Country,A Lot More Free,Max McNown,Wandering (Love Me Back),2024-09-06,2024,77,0.77,198920,3.32
Country,Any Man Of Mine,Shania Twain,The Woman In Me,1995-01-01,1995,73,0.73,246760,4.11
Country,Country Boy,Alan Jackson,Good Time,2008-11-05,2008,65,0.65,246080,4.1
Country,Miles On It,Marshmello,Miles On It,2024-05-03,2024,79,0.79,168355,2.81
Country,Amarillo By Morning,George Strait,Strait From The Heart,1982-01-01,1982,73,0.73,173466,2.89
Country,Worst Way,Riley Green,Way Out Here,2024-04-12,2024,82,0.82,220558,3.68
Country,Last Night,Morgan Wallen,One Thing At A Time,2023-03-03,2023,83,0.83,163854,2.73
Country,TEXAS HOLD 'EM,Beyoncé,TEXAS HOLD 'EM,2024-02-11,2024,74,0.74,233456,3.89
Country,Where the Wild Things Are,Luke Combs,Gettin' Old,2023-03-24,2023,82,0.82,239544,3.99
Country,I Had Some Help (Feat. Morgan Wallen),Post Malone,I Had Some Help,2024-05-10,2024,81,0.81,178205,2.97
Country,You Should Probably Leave,Chris Stapleton,Starting Over,2020-11-13,2020,84,0.84,213493,3.56
Country,Little Bitty,Alan Jackson,Everything I Love,1996-09-30,1996,70,0.7,158626,2.64
Country,Austin (Boots Stop Workin'),Dasha,What Happens Now?,2024-02-16,2024,82,0.82,171782,2.86
Country,Chattahoochee,Alan Jackson,A Lot About Livin' (And A Little 'Bout Love),1992-10-09,1992,73,0.73,148160,2.47
Country,Work Song,Hozier,Hozier,2014-09-19,2014,75,0.75,229715,3.83
Country,Stuck on You,Dave Fenley,Stuck on You,2019-07-26,2019,66,0.66,195594,3.26
Country,Guy For That (Feat. Luke Combs),Post Malone,F-1 Trillion,2024-08-15,2024,76,0.76,164011,2.73
Country,Starting Over,Chris Stapleton,Starting Over,2020-11-13,2020,79,0.79,240413,4.01
Country,Fast Car,Luke Combs,Gettin' Old,2023-03-24,2023,82,0.82,265284,4.42
Country,Think I'm In Love With You,Chris Stapleton,Higher,2023-11-10,2023,80,0.8,222800,3.71
Country,TEXAS HOLD 'EM,Beyoncé,COWBOY CARTER,2024-03-29,2024,70,0.7,233456,3.89
Country,A Bar Song (Tipsy),Shaboozey,"Where I've Been, Isn't Where I'm Going",2024-05-31,2024,80,0.8,171291,2.85
Country,Partiu Pro Litoral,CountryBeat,Partiu Pro Litoral,2025-11-24,2025,0,0.0,165000,2.75
Country,I Had Some Help (Feat. Morgan Wallen),Post Malone,F-1 Trillion,2024-08-15,2024,82,0.82,178205,2.97
Country,What I Want (feat. Tate McRae),Morgan Wallen,I’m The Problem,2025-05-16,2025,86,0.86,184517,3.08
Country,Ela Não Vai Mais Chorar,Zé Felipe,Country Sessions 2,2025-11-13,2025,49,0.49,164695,2.74
Country,I Never Lie,Zach Top,Cold Beer & Country Music,2024-04-05,2024,80,0.8,224906,3.75
Country,Meant to Be (feat. Florida Georgia Line),Bebe Rexha,All Your Fault: Pt. 2,2017-08-11,2017,70,0.7,163870,2.73
Country,Loving You On My Mind,Chris Stapleton,Higher,2023-11-10,2023,75,0.75,209040,3.48
Country,Write This Down,George Strait,Always Never The Same,1999-01-01,1999,71,0.71,219600,3.66
Country,Drive (For Daddy Gene),Alan Jackson,Drive,2002-01-15,2002,66,0.66,242733,4.05
Country,Chasin' You,Morgan Wallen,If I Know Me,2018-04-27,2018,80,0.8,205453,3.42
Country,A Simple Song,Chris Stapleton,From A Room: Volume 2,2017-12-01,2017,71,0.71,216013,3.6
Country,Walk My Walk,Breaking Rust,Resilient,2025-10-17,2025,73,0.73,213159,3.55
Country,It's Five O'Clock Somewhere,Alan Jackson,Greatest Hits Volume II,2003-10-09,2003,65,0.65,229800,3.83
Country,Joy Of My Life,Chris Stapleton,Starting Over,2020-11-13,2020,76,0.76,274520,4.58
Country,My Maria,Brooks & Dunn,#1s ... and then some,2009-09-08,2009,69,0.69,208106,3.47
Country,One Horse Town,Blackberry Smoke,The Whippoorwill,2012-08-14,2012,57,0.57,256146,4.27
Country,Wondering Why,The Red Clay Strays,Moment of Truth,2022-04-29,2022,83,0.83,232917,3.88
Country,God's Gonna Cut You Down,Johnny Cash,American V: A Hundred Highways,2006-01-01,2006,68,0.68,158573,2.64
Country,Back in the Saddle,Luke Combs,Back in the Saddle,2025-07-25,2025,77,0.77,213062,3.55
Country,Choosin' Texas,Ella Langley,Choosin' Texas,2025-10-17,2025,83,0.83,232226,3.87
Country,Meet In the Middle,Diamond Rio,Diamond Rio,1991-07-01,1991,69,0.69,198333,3.31
Country,Whiskey Glasses,Morgan Wallen,If I Know Me,2018-04-27,2018,81,0.81,234346,3.91
Country,Fall In Love,Bailey Zimmerman,Religiously. The Album.,2023-01-11,2023,79,0.79,232058,3.87
Country,Good Time,Alan Jackson,Good Time,2008-11-05,2008,67,0.67,306773,5.11
Country,"Forever and Ever, Amen",Randy Travis,Always & Forever,1987-05-04,1987,77,0.77,212640,3.54
Country,Black Creek,Brent Cobb,No Place Left to Leave (2006),2020-02-07,2020,73,0.73,212453,3.54
Country,Hurricane,Luke Combs,This One's for You,2017-06-02,2017,75,0.75,223306,3.72
Country,She Got the Best of Me,Luke Combs,This One's for You Too (Deluxe Edition),2018-06-01,2018,77,0.77,183160,3.05
Country,I Lied to You,Miles Caton,Sinners (Original Motion Picture Soundtrack),2025-04-18,2025,63,0.63,314906,5.25
Country,Feed the Machine,Poor Man's Poison,Feed the Machine,2020-07-17,2020,70,0.7,183328,3.06
Country,Thinkin’ Bout Me,Morgan Wallen,One Thing At A Time,2023-03-03,2023,80,0.8,177387,2.96
Country,Hell's Comin' with Me,Poor Man's Poison,Hell's Comin' with Me,2019-12-13,2019,72,0.72,212996,3.55
Country,The Painter,Cody Johnson,Leather,2023-11-03,2023,77,0.77,211413,3.52
Country,Backup Plan (feat. Luke Combs),Bailey Zimmerman,Different Night Same Rodeo,2025-08-08,2025,76,0.76,181518,3.03
Country,I Was Wrong,Chris Stapleton,From A Room: Volume 1,2017-05-05,2017,72,0.72,191480,3.19
Country,Parachute,Chris Stapleton,Traveller,2015-05-04,2015,77,0.77,253200,4.22
Country,In The Air Tonight,Sons of Legion,In The Air Tonight,2023-01-20,2023,69,0.69,222000,3.7
Country,Beautiful Crazy,Luke Combs,This One's for You Too (Deluxe Edition),2018-06-01,2018,78,0.78,193466,3.22
Country,We've Got Tonight,Kenny Rogers,We've Got Tonight,1983-02-11,1983,65,0.65,234560,3.91
Country,'Til You Can't,Cody Johnson,Human The Double Album,2021-10-08,2021,79,0.79,224213,3.74
Country,We Ride,Bryan Martin,Poets & Old Souls,2023-03-31,2023,74,0.74,188482,3.14
Country,Pour Me A Drink (Feat. Blake Shelton),Post Malone,F-1 Trillion,2024-08-15,2024,70,0.7,195122,3.25
Country,Broken Bones,KALEO,A/B,2016-06-10,2016,69,0.69,245960,4.1
Country,Love Me Back,Max McNown,Wandering (Love Me Back),2024-09-06,2024,74,0.74,200785,3.35
Country,Remember When,Alan Jackson,Triple Play,2006-05-20,2006,56,0.56,270600,4.51
Country,Life is a Highway,Rascal Flatts,Me And My Gang,2006-11-13,2006,74,0.74,276320,4.61
Country,Wind Up Missin’ You,Tucker Wetmore,Waves On A Sunset,2024-10-04,2024,80,0.8,166666,2.78
Country,Broken Halos,Chris Stapleton,From A Room: Volume 1,2017-05-05,2017,77,0.77,180906,3.02
Country,Cold,Chris Stapleton,Starting Over,2020-11-13,2020,74,0.74,309853,5.16
Country,Cowgirls,Morgan Wallen,One Thing At A Time,2023-03-03,2023,82,0.82,181621,3.03
Country,White Horse,Chris Stapleton,Higher,2023-11-10,2023,77,0.77,267893,4.46
Country,Somethin' 'Bout A Woman,Thomas Rhett,About A Woman (Deluxe),2025-10-17,2025,70,0.7,207794,3.46
Instrumental,Soothing Regrets,Ceyhun Çelik,Chill Out - Essentials,2018-01-02,2018,0,0.0,174375,2.91
Instrumental,Night Breaks,Japanese Relaxation and Meditation,Relaxation and Meditation Sounds,2015-11-25,2015,0,0.0,299998,5.0
Instrumental,深海傳說,創時代音樂,回歸榮耀,2020-01-05,2020,0,0.0,149342,2.49
Instrumental,Step 1,Japanese Relaxation and Meditation,Relaxation and Meditation Awakening,2015-12-20,2015,0,0.0,174474,2.91
Instrumental,Delta Sleep 72.4 Hz-75.2 Hz,Spiritual Frequencies,Delta Waves Sleeping Music,2024-06-25,2024,0,0.0,102713,1.71
Instrumental,Draw Me Close,The O'Neill Brothers Group,Shout to the Lord: Contemporary Christian Favorites,2014-08-29,2014,0,0.0,213967,3.57
Instrumental,"Maliha Theme 2, Vol. 2",Khaled Hammad,Maliha (Original TV Series Soundtrack),2024-04-02,2024,0,0.0,197831,3.3
Instrumental,Farhat Al Jazeera فرحه الجزيره,Ahmed Nasr,HALLA حالة,2022-08-25,2022,0,0.0,294832,4.91
Instrumental,Kazokuninarouyo,Kento Ohgiya,Wedding Song -Disney & J-POP Instrumental version-,2018-11-13,2018,0,0.0,302840,5.05
Instrumental,Gentle Guitar Melody,The Sleepy Guitar,Guitar for Relaxation,2022-11-04,2022,0,0.0,138262,2.3
Instrumental,Teus Tesouros Revelastes,Fernando Lopez,Sentimento da Alma,2021-10-08,2021,0,0.0,154618,2.58
Instrumental,Gypsy,The O'Neill Brothers Group,Proud Mary: Instrumental Guitar,2014-07-31,2014,0,0.0,266973,4.45
Instrumental,"Jesu, Joy of Man's Desiring - 1 Minute Version",The O'Neill Brothers Group,Wedding Songs - Various Time Lengths,2012-02-28,2012,0,0.0,61999,1.03
Instrumental,October Festival,harryfaoki,"Europe, Vol. 4 -Instrumental BGM- by Audiostock",2022-02-09,2022,0,0.0,161891,2.7
Instrumental,Feeling Lonely,Ho Si Qiang,Essential of Oriental Beauty,2022-03-31,2022,0,0.0,244990,4.08
Instrumental,Sentience,Japanese Relaxation and Meditation,Relaxing Japanese Meditation Music,2015-11-04,2015,0,0.0,264000,4.4
Instrumental,Yeh Diil Na Hota Bechara - Instrumental,Enoch Daniels,Easy Listening Classics on Flute,1981-12-01,1981,0,0.0,205266,3.42
Instrumental,Secret Chord,Japanese Relaxation and Meditation,Clean Noise Meditation,2019-09-02,2019,0,0.0,77608,1.29
Instrumental,Give Is What You Get,Dave Sharman,Best Of Vol I,2007-10-29,2007,0,0.0,367960,6.13
Instrumental,Hallelujah,The O'Neill Brothers Group,Instrumental Piano Songs for Advent Reflection,2013-09-19,2013,0,0.0,237332,3.96
Instrumental,Piano Diary 37,arachang,"ヒーリング, Vol. 111 -Instrumental BGM- by Audiostock",2023-08-10,2023,0,0.0,166666,2.78
Instrumental,Manly Man,Jan Cyrka,Plectrum Spectrum,2010-09-25,2010,0,0.0,31466,0.52
Instrumental,Europa in the Night (Spa),Healing Energy,聴きながら眠れるピアノ 〜睡眠導入ピアノ〜,2024-05-15,2024,0,0.0,204793,3.41
Instrumental,Mizunone,arachang,和風のおだやかでリラックスできるBGM -箏や尺八、篠笛などの日本の伝統的な-,2024-02-27,2024,0,0.0,191921,3.2
Instrumental,Basilisk - Radio Edit,City of the Lost,The First Lizard Radio Bootleg,2018-07-23,2018,0,0.0,252428,4.21
Instrumental,"첫 눈 (From ""도깨비"" [Original Soundtrack])",Alves,매장에 어울리는 피아노 연주곡,2018-01-04,2018,0,0.0,299961,5.0
Instrumental,Chiếc áo bà ba,Instrumental Hòa Tấu,Quê hương gợi nhớ - Hoà tấu,2000-01-01,2000,0,0.0,274000,4.57
Instrumental,Angelic Tranquility,Japanese Relaxation and Meditation,73 Science Study Enhancement,2021-04-26,2021,0,0.0,144000,2.4
Instrumental,Mehandi Ro Rang Laago,Bundu Khan,Hichki,2022-08-30,2022,0,0.0,568051,9.47
Instrumental,Wayfaring Stranger,The London Fox Players,Wayfaring Stranger – 50 Great Hymns and Worship Songs on Dulcimer,2012-09-18,2012,0,0.0,143973,2.4
Instrumental,Thinking of You - Instrumental,Eddie Fernandez,De Norte a Sur,2018-05-10,2018,0,0.0,220346,3.67
Instrumental,Phasing Spirit,Japanese Relaxation and Meditation,Contemplative White Noise,2019-07-22,2019,0,0.0,130143,2.17
Instrumental,Piano Memories (forest),Healing Energy,森のファンタジー・ピアノ 〜おやすみと心の安らぎ癒しピアノ〜,2022-10-28,2022,0,0.0,172000,2.87
Instrumental,Summertime,The O'Neill Brothers Group,Instrumental Piano Songs: Forrest Gump Feather Theme,2013-04-22,2013,0,0.0,289732,4.83
Instrumental,静下心来感受 - 优美轻音乐,夏小桃,温柔万千的指尖旋律 养生音乐,2023-01-09,2023,0,0.0,101438,1.69
Instrumental,Baksana Tahile,Alpay Ünyaylar,Sesler ve Yansımalar (Sounds and Reflections),2009-10-15,2009,0,0.0,217653,3.63
Instrumental,Twilight Beauty,Japanese Relaxation and Meditation,Japanese Relaxation Sounds,2015-12-09,2015,0,0.0,184026,3.07
Instrumental,Carbon,Hiraoka Kotaro,Various Music Collection Vol.126 -Selected & Music-Published by Audiostock-,2024-09-30,2024,0,0.0,215156,3.59
Instrumental,"Breathe on Me, Breathe of God - Piano Hymn",Meteoric Stream,Pentecost Piano Hymns,2017-03-14,2017,0,0.0,160532,2.68
Instrumental,Nearness of You,The O'Neill Brothers Group,Candlelight Dinner Music: Nearness of You,2012-04-29,2012,0,0.0,277156,4.62
Instrumental,I Love You That's All,Amr Ismail,Best Freinds Original Motion Picture Soundtrack),2022-03-08,2022,0,0.0,176000,2.93
Instrumental,Fado Da Nostalgia - Live,Rão Kyao,Viva O Fado (Ao Vivo No Amália) [Live],1996-01-01,1996,0,0.0,238466,3.97
Instrumental,A Delicate Atmosphere,Japanese Relaxation and Meditation,"Healing Reiki Music: Stress Reduction, Deep Relaxation, Spiritual Healing, Spa Treatments, Inner Harmony, Wellbeing",2020-02-05,2020,0,0.0,166633,2.78
Instrumental,崖の上のポニョ (「崖の上のポニョ」エンディングテーマ)(オリジナル：藤岡藤巻と大橋のぞみ)(ヒーリングオルゴール),スイートピアノ・メロディーズ,オルゴールが奏でる心を癒すヒーリングサウンド集～Vol.7 ジブリ音楽,2022-08-15,2022,0,0.0,165271,2.75
Instrumental,Scintillate Lightness,Ho Si Qiang,Life-Giving Oriental Breath,2021-06-07,2021,0,0.0,269538,4.49
Instrumental,ビート感あるクールなピアノ,RYOpianoforte,やさしい気持ちになれるピアノソロBGM,2020-12-16,2020,0,0.0,171534,2.86
Instrumental,Try a Little Tenderness,The O'Neill Brothers Group,Instrumental Background Music: Coffee House,2013-08-26,2013,0,0.0,199737,3.33
Instrumental,Rêverie au Milieu des Fougères,Le Sommeil,Le Pouls de L'apaisement,2023-12-14,2023,0,0.0,162312,2.71
Instrumental,Raga Mishra Shivaranjani - Dhun In Dadra Taal,Hariprasad Chaurasia,An Audience With Pandit Hariprasad Chaurasia (A Live Experience),2010-11-22,2010,0,0.0,643133,10.72
Instrumental,Sunset,MATSU,"ヒーリング, Vol. 184 -Instrumental BGM- by Audiostock",2023-12-22,2023,0,0.0,268509,4.48
Instrumental,Wonderland,Ryo Natoyama,Best Ukulele Songs -World Standard-,2020-07-29,2020,0,0.0,250493,4.17
Instrumental,Not Knowing,Japanese Relaxation and Meditation,Zen Soothing Meditations,2019-08-05,2019,0,0.0,143225,2.39
Instrumental,Hopeless Love,Morad El-Swifey,"Fairuziat, Vol. 4",2014-08-06,2014,0,0.0,237240,3.95
Instrumental,Here I Am to Worship,Amade String Orchestra,Easter Sunday: He Is Risen,2021-03-05,2021,0,0.0,188586,3.14
Instrumental,Pathetic Failure,Kohrogi,Various Music Collection Vol.18 -Selected & Music-Published by Audiostock-,2023-03-27,2023,0,0.0,60000,1.0
Instrumental,Sundown,The O'Neill Brothers Group,Calm Guitar Music: Relaxing and Calming Songs,2014-04-30,2014,0,0.0,200550,3.34
Instrumental,Kid [acoustic guitar],MTA,World Hits -アコースティックギターの奏で- vol.5,2021-04-25,2021,0,0.0,245312,4.09
Instrumental,My Back Pages,HANI,カフェ・ピアノ・・・カフェで聴くコンテンポラリー・スタンダード,2012-05-02,2012,0,0.0,266013,4.43
Instrumental,魚之舞: 海博館,周志宏,墾丁國家公園,2006-10-03,2006,0,0.0,300733,5.01
Instrumental,Orbiting Satellite,Japanese Relaxation and Meditation,50 Ultimate Zen Tracks,2019-09-09,2019,0,0.0,199691,3.33
Instrumental,見上げてごらん夜の星を,HANI,REQUIEM JAZZ・・・別れと鎮魂のジャズ,2015-03-18,2015,0,0.0,259320,4.32
Instrumental,放松身心养生乐,夏小桃,瑜伽养生之妙音理疗,2021-11-16,2021,0,0.0,82736,1.38
Instrumental,懐かしさの中で,harryfaoki,"ヒーリング, Vol. 110 -Instrumental BGM- by Audiostock",2023-08-10,2023,0,0.0,166329,2.77
Instrumental,爱你刻在心里 - 男版,郑强,爱你刻在心里 (男版),2022-09-06,2022,0,0.0,209491,3.49
Instrumental,"Jesus Cristo, Meu Senhor",Fernando Lopez,Compromisso Com a Alma (Teclados),2020-02-28,2020,0,0.0,159190,2.65
Instrumental,五一劳动节 - 优美轻音乐,夏小桃,五一劳动节 致敬劳动 快乐纯音,2023-02-19,2023,0,0.0,99585,1.66
Instrumental,雅楽風2,MoppySound,和風 Vol.22 -Instrumental BGM- by Audiostock,2021-01-27,2021,0,0.0,67083,1.12
Instrumental,Quiet Time on Rainy Days,Healing Energy,ファンタジー・ピアノ 〜おやすみと心の安らぎ癒しピアノ〜,2022-10-28,2022,0,0.0,185000,3.08
Instrumental,Musical Adventure in the Forest,Naptime Atmospheres,1 Hour of Soft Nature Ambience,2020-04-23,2020,0,0.0,125000,2.08
Instrumental,Jesu Meine Freude - String Quartet,Viktor Dick,Christian Music String Quartet,2011-09-15,2011,0,0.0,71470,1.19
Instrumental,They Can't Take That Away From Me,Beegie Adair,Saluting Gershwin,2022-01-21,2022,0,0.0,243573,4.06
Instrumental,"My Heart Will Go On (Love Theme From ""Titanic"")",The O'Neill Brothers Group,Music for Deep Sleep: Calming Instrumental Songs,2014-04-21,2014,0,0.0,240163,4.0
Instrumental,Astral Symphony: Journey into Spiritual Frequencies,Spiritual Frequencies,Vibrational Serenity: The Essence of Spirit,2024-02-01,2024,0,0.0,112994,1.88
Instrumental,We Belong Together「僕らはひとつ」/トイ ストーリー3 [healing piano],MTA,あなたを癒すピアノ-ジブリ＆ディズニー- vol.15,2022-07-25,2022,0,0.0,236286,3.94
Instrumental,Stress & Negative Mental States,Ho Si Qiang,"Asian Zen Meditation & Chinese Zen: Balance Women's Health, Koshi Bells, Zen Shakuhachi, Yang Qin Relaxation, Harmony and Vitality Energy, Tao Te Ching Music Ambience",2021-09-27,2021,0,0.0,208774,3.48
Instrumental,それでも、生きてゆく,Orgel Lab,それでも、生きてゆく,2014-02-12,2014,0,0.0,218260,3.64
Instrumental,Into The Dark Outro - Arabic Version,Khaled Hammad,Into The Dark (Original TV Series Soundtrack),2021-12-10,2021,0,0.0,247005,4.12
Instrumental,Taking a Stroll,C.S. Heath,Café Grooves,2010-10-12,2010,0,0.0,174253,2.9
Instrumental,"Holy, Holy, Holy",David Erwin,Guitar Music For Worship,2013-07-30,2013,0,0.0,248373,4.14
Instrumental,Cirrus Dream,Japanese Relaxation and Meditation,Japanese Relaxation,2015-11-29,2015,0,0.0,382750,6.38
Instrumental,Tillana (Live),Chitti Babu,Maestro in Concert - Dr. Chitti Babu (Live),2009-02-14,2009,0,0.0,272378,4.54
Instrumental,Everlast,Richard Chance,Exquisite Dreamland,2019-09-05,2019,0,0.0,175932,2.93
Instrumental,Serenity,Bethan Myfanwy Hughes,Healing Harp Music for Relaxation,2017-08-14,2017,0,0.0,924526,15.41
Instrumental,Where Have All the Flowers Gone,The O'Neill Brothers Group,Dogs: Relaxing Guitar Music,2014-09-16,2014,0,0.0,198936,3.32
Instrumental,Luminous Emptiness,Ho Si Qiang,Divine Way of Tao,2022-06-06,2022,0,0.0,238040,3.97
Instrumental,Hecate's Sleepwalking (Rain ver.),Healing Energy,睡眠の質を高める雨音音楽,2024-05-15,2024,0,0.0,231011,3.85
Instrumental,紅酒夜,創時代音樂,作業用BGM精選2,2023-11-01,2023,0,0.0,145059,2.42
Instrumental,Clocks,Steven C,"Coffee Lounge: Chill Out Pop Hits, Vol. 7",2022-10-28,2022,0,0.0,210585,3.51
Instrumental,Ma Ma De Wen,Bei Bei,Qin Ai De Bao Bei,2010-09-13,2010,0,0.0,265430,4.42
Instrumental,Step into Christmas,Steven C,Now That's Christmas Piano,2018-11-30,2018,0,0.0,174929,2.92
Instrumental,Lady Pamela,Muriel Anderson,Traditional Irish-Celtic Music,2015-06-18,2015,0,0.0,203363,3.39
Instrumental,Musique pour dormir rapidement et profondément,Le Sommeil,S'adapter à Tout,2022-11-08,2022,0,0.0,174000,2.9
Instrumental,Mormon Song Medley 3,Brian Daw,Songs That Invite the Spirit,2011-11-23,2011,0,0.0,477335,7.96
Instrumental,微风拂面 - 轻松轻音乐,夏小桃,助眠解压轻音乐之睡觉,2021-12-26,2021,0,0.0,75750,1.26
Instrumental,The Lake Isle of Innisfree,Penny Rodriguez,Velvet Shoes,2021-04-02,2021,0,0.0,143383,2.39
Instrumental,遙かなる影[acoustic piano],MTA,Historical POPs vol.1,2021-04-25,2021,0,0.0,229555,3.83
Instrumental,Choron Ka Sare Nazar Aate Hai Chor - Instrumental,Enoch Daniels,Piano Accordion - Film Tunes,1971-12-31,1971,0,0.0,198200,3.3
Alternative,Baloochi Suite Part 1,Hamzeh Yeganeh,Persian Rug (Persian Contemporary Music),2011-12-10,2011,0,0.0,108933,1.82
Alternative,Seen It All,Underground Lovers,Staring at You Staring at Me,2017-05-05,2017,0,0.0,266193,4.44
Alternative,abcdefu,GAYLE,Summer BBQ Vibes,2024-06-01,2024,0,0.0,168601,2.81
Alternative,Msenangu,Liz Ogumbo,"KenSoul, the Lotus Chapter",2019-04-04,2019,0,0.0,218830,3.65
Alternative,Willow Tree Yard,"Not Drowning, Waving",Through The One Last Door,2005-03-06,2005,0,0.0,248533,4.14
Alternative,Something to Die For (Stripped),The Sounds,Something To Die For,2011-03-29,2011,0,0.0,254706,4.25
Alternative,Sheepskin Tearaway,Peter Doherty,Just Like Honey: Alternative Ballads,2020-06-12,2020,0,0.0,162517,2.71
Alternative,Dide Darya Konam,O-Hum,O Hum Dar Azadi,2014-06-20,2014,0,0.0,258861,4.31
Alternative,Let’s Dance to Joy Division,The Wombats,Soccer Hits 2023,2023-09-21,2023,0,0.0,191293,3.19
Alternative,The Nearness of You,Minoo Javan,The Nearness of You,2014-11-07,2014,0,0.0,213466,3.56
Alternative,Fly,Farhad Harati,Gray Lone,2010-08-21,2010,0,0.0,285226,4.75
Alternative,Witness,Saeed SheikhAmiri,Unity,2019-09-05,2019,0,0.0,270890,4.51
Alternative,Uzağa,Ece Dorsay,Dünyamın Haritası,2015-12-09,2015,0,0.0,213609,3.56
Alternative,Pride Aside,Red Handed,Red Tape,2020-09-04,2020,0,0.0,188029,3.13
Alternative,The City,Selim Arjoun,Khattaf (Original Motion Picture Soundtrack),2024-04-08,2024,0,0.0,152160,2.54
Alternative,Get Closer,Amycanbe,"Alt-Pop, Set 12",2021-09-10,2021,0,0.0,175871,2.93
Alternative,De Bodo Hasan (Hey! Hasan Run!),Koochneshin,Albume Akhar,2014-03-18,2014,0,0.0,116000,1.93
Alternative,Bütün Qızlar Gözəldir,Eldar Mansurov,Eldar Mansurovun Mahnıları,2021-06-04,2021,0,0.0,280026,4.67
Alternative,Hullaház,Tej,Deep Seven (Grungery),2019-05-04,2019,0,0.0,212400,3.54
Alternative,Крылья,Dekabr,Любовь. Война. Вера,2009-10-03,2009,0,0.0,238160,3.97
Alternative,If I Can Dream,The Blackeyed Susans,Reveal Yourself 1989 – 2009,2009-10-30,2009,0,0.0,195413,3.26
Alternative,The Red Boy - Part I,Toufic Farroukh,Cinéma Beyrouth,2012-02-17,2012,0,0.0,78600,1.31
Alternative,How You Remind Me,Nickelback,J.A.B (Just Add Beer),2018-06-08,2018,0,0.0,224173,3.74
Alternative,Wake,The Control,Sidearm,2002-01-01,2002,0,0.0,21613,0.36
Alternative,Klicka Klacka - Live,Samy Deluxe,Up2Date - Live in der KunstWerkStadt,2012-01-01,2012,0,0.0,215613,3.59
Alternative,Гонщик,Год Змеи,Плагиат,2009-05-13,2009,0,0.0,140202,2.34
Alternative,The Rat & the Goldfish,Screamfeeder,Hi Cs,1998-01-12,1998,0,0.0,202266,3.37
Alternative,Make Me Feel,Janelle Monáe,Éxitos de los diez miles,2024-03-23,2024,0,0.0,194230,3.24
Alternative,"Night of the Living (I'm Scared of People) - Live, London / Artrocker Session",Pulled Apart By Horses,Tough Love (Deluxe),2012-12-10,2012,0,0.0,235022,3.92
Alternative,Słowo - Live,Buldog,Koncerty w trójce (Live 21.10.2012),2013-10-21,2013,0,0.0,19786,0.33
Alternative,A Song From Under The Floorboards - Live,My Friend The Chocolate Cake,Live At The National Theatre,1998-01-01,1998,0,0.0,239333,3.99
Alternative,What a Life,Juliana Hatfield,Indie Revival,2023-11-04,2023,0,0.0,202306,3.37
Alternative,Match,Motta,The Cage - Nella Gabbia (Original Soundtrack),2024-03-05,2024,0,0.0,29340,0.49
Alternative,Inner Ear Infection,Spiderbait,Songs To Self Care To,2021-10-08,2021,0,0.0,240985,4.02
Alternative,Different,Amycanbe,"Pop Evolution, Set 14",2021-09-10,2021,0,0.0,323913,5.4
Alternative,Kattru Bharama,Meera,Thirumbi Paar Remix Album Songs,2000-02-07,2000,0,0.0,333453,5.56
Alternative,Klytie,Lucifr,HELIOS,2022-12-30,2022,0,0.0,140800,2.35
Alternative,Fingers & Toes,Screamfeeder,Patterns Form,2018-04-21,2018,0,0.0,286329,4.77
Alternative,"You don`t Ask so I don`t know(Nemiporsi,Nemidanam)",Hooman Mousavi,Flying with...(Persian Rock Music),2011-11-18,2011,0,0.0,233186,3.89
Alternative,Cafeteria Bab,Taner Öngür,Water Cycle (An Instrumental Guitar Trip from Istanbul),2020-10-23,2020,0,0.0,149835,2.5
Alternative,Armies Against Me (live),Epicure,Live At The East Brunswick Club,2010-01-01,2010,0,0.0,359240,5.99
Alternative,Big Sky,"Not Drowning, Waving",Maps For Sonic Adventurers,2006-09-02,2006,0,0.0,234826,3.91
Alternative,Dostum Mənim,İlqar Muradov,Yavaş-Yavaş,2011-11-09,2011,0,0.0,266547,4.44
Alternative,По вечным местам,Angel NeBes,Накрыло,2012-03-08,2012,0,0.0,219802,3.66
Alternative,Shoushtari,Kaveh Yaghmaei,Adamhaye Shabzadeh,2021-07-05,2021,0,0.0,343574,5.73
Alternative,Jane Says,Jane's Addiction,Stranger 80's,2022-09-09,2022,0,0.0,286986,4.78
Alternative,Fondip,Ece Dorsay,Kırmızı Karanlık,2010-05-25,2010,0,0.0,192933,3.22
Alternative,Много тёлок и пива,Дайте Два,Ещё Громче (Тараканы! Трибьют),2021-10-29,2021,0,0.0,112315,1.87
Alternative,Скорость света,Корсика,"Рок фестиваль, Vol. 2",2021-12-03,2021,0,0.0,187320,3.12
Alternative,Green,The Mavrix,Pura Vida,2012-09-15,2012,0,0.0,361573,6.03
Alternative,Peaceful Valley,Charlie Parr,Dog,2017-09-08,2017,0,0.0,245082,4.08
Alternative,Midnight Ride,Orville Peck,Country Music 20s,2024-09-18,2024,0,0.0,211525,3.53
Alternative,Midnight Ride,Orville Peck,Essential New Pop,2024-06-28,2024,0,0.0,211525,3.53
Alternative,No More,Olta,Olta 5,2021-03-05,2021,0,0.0,271384,4.52
Alternative,Champagne Shit,Janelle Monáe,Big 7 - Just Hits,2024-05-18,2024,0,0.0,143200,2.39
Alternative,Ela Rogouak,fayrouz Karawya,Ela Rogouak,2021-01-16,2021,0,0.0,247692,4.13
Alternative,I Will Dare,The Replacements,Atrapados en los Ochenta,2024-04-01,2024,0,0.0,198666,3.31
Alternative,Nie tu,Zagi,Nie tu,2017-03-10,2017,0,0.0,217988,3.63
Alternative,Benim Şarkım,Taner Öngür,Evde Tek Başına,2005-01-01,2005,0,0.0,270455,4.51
Alternative,Predickle Me,Frenzal Rhomb,Forever Malcolm Young,2016-10-21,2016,0,0.0,18146,0.3
Alternative,Mahirə,Eldar Mansurov,Mahnıları,2022-01-19,2022,0,0.0,297266,4.95
Alternative,Szabad Vagy,Néhai Bárány,Pont Az Orr Előtt,2020-08-14,2020,0,0.0,126500,2.11
Alternative,Cielo,Benny,Mi Imperio Romano De Los Noventa,2024-04-10,2024,0,0.0,216933,3.62
Alternative,Wake Me Up,Foals,Holiday Feelgood,2022-05-27,2022,0,0.0,263658,4.39
Alternative,Make Me Feel,Janelle Monáe,Llena tu cabeza de pop,2024-04-18,2024,0,0.0,194230,3.24
Alternative,London Is the Reason,Gallows,Essential Metal,2021-10-29,2021,0,0.0,191066,3.18
Alternative,Mish,Blla Blla Blla...,Oversky ballkanishe re​-​form,2005-10-11,2005,0,0.0,561423,9.36
Alternative,abcdefu,GAYLE,Junk Boat Party,2024-04-28,2024,0,0.0,168601,2.81
Alternative,Psycho,Lucifr,Psycho,2023-09-22,2023,0,0.0,242520,4.04
Alternative,Enzo - Instrumental,Donato,Enzo (Premium Edition),2014-03-14,2014,0,0.0,193007,3.22
Alternative,The Darkness Inside - Live,The Control,Over Maschinenfest Part II - 2015,2016-10-28,2016,0,0.0,351998,5.87
Alternative,I Got This,Flip,Walk A Day In My Shoes pt.1,2007-01-01,2007,0,0.0,114760,1.91
Alternative,Sugar Daddy - Radio Version,Yerba Buena,Sugar Daddy (Remixes),2005-06-21,2005,0,0.0,215360,3.59
Alternative,Delusions of Grandchildren,Screamfeeder,Delusions of Grandchildren,2005-06-04,2005,0,0.0,104786,1.75
Alternative,Let's Dance to Joy Division,The Wombats,Home Alone,2020-09-18,2020,0,0.0,191293,3.19
Alternative,Midnight Ride,Orville Peck,Jogging Pop,2024-07-12,2024,0,0.0,211525,3.53
Alternative,Me haces bien,Jorge Drexler,Best '90s Classics,2024-03-21,2024,0,0.0,184546,3.08
Alternative,Everybody's Getting A Three Piece Together - Edit,The Fauves,Everybody's Getting A Three Piece Together,1995-05-01,1995,0,0.0,175360,2.92
Alternative,Dut Ağacı,Hasret,İnanma / Tek Başına 2012,2011-11-24,2011,0,0.0,279893,4.66
Alternative,Slow Song,Jords,DIRT IN THE DIAMOND,2023-05-26,2023,0,0.0,180666,3.01
Alternative,Life Goes On,Oliver Tree,ideal for reels,2024-08-10,2024,0,0.0,161803,2.7
Alternative,Invisible Ley,Okkultokrati,Snake Reigns,2016-05-06,2016,0,0.0,355373,5.92
Alternative,Purity,Angertea,Rushing Towards The Hateline,2006-04-11,2006,0,0.0,218893,3.65
Alternative,Mieci Samyaros Is Risi Micemac Gsurs,Vaqo,Ah Qo,2022-05-20,2022,0,0.0,367172,6.12
Alternative,Midnight Ride,Orville Peck,Pop Spotlight,2024-09-13,2024,0,0.0,211525,3.53
Alternative,Pets,Porno for Pyros,The 90s,2018-09-28,2018,0,0.0,216733,3.61
Alternative,Love Will Bring You Back,Monique,Color Black,2011-10-11,2011,0,0.0,247170,4.12
Alternative,"Oh, My Love",Yellowcard,East Coast Alternative Rock,2019-05-17,2019,0,0.0,200293,3.34
Alternative,god has a sense of humor,GAYLE,Autumn Leaves - Fall Hits,2022-11-04,2022,0,0.0,170771,2.85
Alternative,garden (Live),OYASUMI HOLOGRAM,0413 (Live),2017-06-17,2017,0,0.0,365000,6.08
Alternative,zyra,uami,hitoi,2021-08-06,2021,0,0.0,214285,3.57
Alternative,Pieces of Me Original,Olmeca,Pieces of Me - EP,2012-06-13,2012,0,0.0,259586,4.33
Alternative,5-HT (Chipmunk Verze),Franklin,MALIČKEJ (Chipmunk Verze),2021-12-23,2021,0,0.0,119666,1.99
Alternative,Fruit Machine,The Ting Tings,We Started Nothing,2008-05-16,2008,0,0.0,172640,2.88
Alternative,Заговор,Deti Picasso,Глубина,2006-10-10,2006,0,0.0,234428,3.91
Alternative,Zapowiedź IV - Live,Buldog,Koncerty w trójce (Live 21.10.2012),2013-10-21,2013,0,0.0,19466,0.32
Alternative,Smoked and Butchered - Instrumental,Smoke DZA,Statue of Limitations (Instrumental),2020-05-22,2020,0,0.0,246264,4.1
Alternative,abcdefu,GAYLE,Hits rentrée 2022,2023-02-01,2023,0,0.0,168601,2.81
Alternative,"Working For The Man By Day, Stickin' It To The Man By Night",Lower Than Atlantis,World Record,2011-04-25,2011,0,0.0,189733,3.16
Blues,Hit the Road Jack,Ray Charles,Soul,2021-06-04,2021,69,0.69,119880,2.0
Blues,Through My Soul,Enlly,Shadows & Soul,2025-06-21,2025,71,0.71,210522,3.51
Blues,Stand by Me,Dave Fenley,Stand by Me,2022-12-31,2022,56,0.56,181622,3.03
Blues,Howlin' for You,The Black Keys,Brothers (Deluxe Remastered Anniversary Edition),2020-12-18,2020,66,0.66,191956,3.2
Blues,Ben - Single Version,Michael Jackson,Ben,1972-08-04,1972,61,0.61,165160,2.75
Blues,Lonely Boy,The Black Keys,El Camino,2011-12-06,2011,68,0.68,193653,3.23
Blues,Forever - Bonus Track,Eric Clapton,Journeyman: Deluxe Edition,2025-11-21,2025,36,0.36,200973,3.35
Blues,Lead Me On,Eric Clapton,Journeyman: Deluxe Edition,2025-11-21,2025,37,0.37,349826,5.83
Blues,I'd Rather Go Blind,Etta James,Tell Mama,1968-04-18,1968,77,0.77,156653,2.61
Blues,Hard Times,Eric Clapton,Journeyman: Deluxe Edition,2025-11-21,2025,40,0.4,195026,3.25
Blues,That Kind of Woman - Bonus Track,Eric Clapton,Journeyman: Deluxe Edition,2025-11-21,2025,37,0.37,236626,3.94
Blues,Before You Accuse Me,Eric Clapton,Journeyman: Deluxe Edition,2025-11-21,2025,37,0.37,239160,3.99
Blues,Those Sweet Words,Norah Jones,Feels Like Home,2004-01-01,2004,68,0.68,202640,3.38
Blues,Run So Far,Eric Clapton,Journeyman: Deluxe Edition,2025-11-21,2025,38,0.38,247746,4.13
Blues,No Alibis,Eric Clapton,Journeyman: Deluxe Edition,2025-11-21,2025,39,0.39,335733,5.6
Blues,Breaking Point,Eric Clapton,Journeyman: Deluxe Edition,2025-11-21,2025,37,0.37,331853,5.53
Blues,Seven Nation Army - Remasterisée,Ben L'Oncle Soul,Ben L'Oncle Soul,2010-01-01,2010,55,0.55,177853,2.96
Blues,Old Love,Eric Clapton,Journeyman: Deluxe Edition,2025-11-21,2025,39,0.39,383453,6.39
Blues,Border Song - Bonus Track,Eric Clapton,Journeyman: Deluxe Edition,2025-11-21,2025,38,0.38,203280,3.39
Blues,Hound Dog,Eric Clapton,Journeyman: Deluxe Edition,2025-11-21,2025,39,0.39,147533,2.46
Blues,I Say a Little Prayer,Aretha Franklin,Aretha Now,1968-06-14,1968,77,0.77,216773,3.61
Blues,Bad Love,Eric Clapton,Journeyman: Deluxe Edition,2025-11-21,2025,42,0.42,310186,5.17
Blues,Pretending,Eric Clapton,Journeyman: Deluxe Edition,2025-11-21,2025,44,0.44,283360,4.72
Blues,Running on Faith,Eric Clapton,Journeyman: Deluxe Edition,2025-11-21,2025,41,0.41,335613,5.59
Blues,Anything for Your Love,Eric Clapton,Journeyman: Deluxe Edition,2025-11-21,2025,42,0.42,251360,4.19
Blues,I've Got a Woman,Ray Charles,"Ray Charles (aka: Hallelujah, I Love Her So)",1957-01-01,1957,69,0.69,171466,2.86
Blues,I Put A Spell On You,Nina Simone,I Put A Spell On You,1965-06-01,1965,70,0.7,155026,2.58
Blues,Still Got The Blues,Gary Moore,Still Got The Blues,1990-01-01,1990,70,0.7,370866,6.18
Blues,The Thrill Is Gone,B.B. King,Completely Well,1969-12-05,1969,67,0.67,324733,5.41
Blues,Cocaine,Eric Clapton,Slowhand 35th Anniversary,1977-11-01,1977,70,0.7,221640,3.69
Blues,Grato a ti - Harpa Cristã - Blues Gospel,Blues do Reino,"BLUES DO REINO, Vol. 1",2025-10-07,2025,50,0.5,261319,4.36
Blues,Feeling Good,Nina Simone,I Put A Spell On You,1965-06-01,1965,75,0.75,174000,2.9
Blues,Blues Jam,The Rolling Stones,Black And Blue (Super Deluxe),2025-11-14,2025,38,0.38,562117,9.37
Blues,Hit the Road Jack,Ray Charles,True Genius,2021-09-10,2021,74,0.74,119880,2.0
Blues,A Lot More Free,Max McNown,A Lot More Free,2023-08-25,2023,70,0.7,198920,3.32
Blues,Me vs Me (Fightin' Man Blues),Aventhis,Me vs Me (Fightin' Man Blues),2025-09-19,2025,65,0.65,225959,3.77
Blues,Smokestack Lightnin',Howlin' Wolf,Moanin' In The Moonlight,1958-03-01,1958,62,0.62,188400,3.14
Blues,Tears Dry On Their Own,Amy Winehouse,Back To Black,2006-10-27,2006,63,0.63,185186,3.09
Blues,Weight of Love,The Black Keys,Turn Blue,2014-05-06,2014,64,0.64,410186,6.84
Blues,Cold,Chris Stapleton,Cold,2020-09-25,2020,65,0.65,309853,5.16
Blues,Hot Blood,KALEO,A/B,2016-06-10,2016,64,0.64,218600,3.64
Blues,When Love Comes To Town,U2,Rattle And Hum,1988-10-10,1988,57,0.57,254266,4.24
Blues,Fire Away,Chris Stapleton,Traveller,2015-05-04,2015,74,0.74,244333,4.07
Blues,Rehab,Amy Winehouse,Back To Black,2006-10-27,2006,64,0.64,213760,3.56
Blues,What A Diff'rence A Day Made,Dinah Washington,What A Diff'rence A Day Makes! (Expanded Edition),1959-02-19,1959,67,0.67,151866,2.53
Blues,If You Ever Change Your Mind,New Old Blues,Hard Road Home,2025-09-06,2025,57,0.57,257091,4.28
Blues,Livin’ on Borrowed Time,Breaking Rust,Livin’ on Borrowed Time,2025-10-14,2025,73,0.73,204959,3.42
Blues,"Hallelujah, I Love Her So",Ray Charles,"Ray Charles (aka: Hallelujah, I Love Her So)",1957-01-01,1957,65,0.65,155506,2.59
Blues,What A Difference A Day Made,Jamie Cullum,Twentysomething,2003-10-20,2003,62,0.62,309693,5.16
Blues,Summertime,Ella Fitzgerald,Porgy And Bess,1958-01-01,1958,66,0.66,298133,4.97
Blues,I Can't Stop Loving You - 2024 Remaster,Ray Charles,"Modern Sounds In Country And Western Music, Vols 1 & 2 (2024 Remaster)",1962-01-01,1962,62,0.62,256133,4.27
Blues,Here We Go Again,Ray Charles,Genius Loves Company,2004-08-31,2004,64,0.64,238750,3.98
Blues,To Zion (feat. Carlos Santana),Ms. Lauryn Hill,The Miseducation of Lauryn Hill,1998-08-25,1998,63,0.63,369293,6.15
Blues,Ain't No Love In The Heart Of The City - Single Version,"Bobby ""Blue"" Bland",Dreamer,1974-01-01,1974,66,0.66,233560,3.89
Blues,Boom Boom,John Lee Hooker,Urban Blues (Expanded Edition),1967-03-22,1967,57,0.57,160560,2.68
Blues,You Get To Me,Foy Vance,From Muscle Shoals,2019-06-28,2019,58,0.58,240637,4.01
Blues,Cheek To Cheek,Ella Fitzgerald,The Complete Ella And Louis On Verve,1997-05-20,1997,63,0.63,354533,5.91
Blues,Cheek To Cheek,Ella Fitzgerald,Ella and Louis,1956-10-01,1956,65,0.65,353266,5.89
Blues,Riding With the King,Eric Clapton,Riding With The King,2000-06-13,2000,56,0.56,264240,4.4
Blues,Magnolia,Eric Clapton,Eric Clapton & Friends: The Breeze - An Appreciation Of JJ Cale,2014-01-01,2014,60,0.6,221693,3.69
Blues,Help Me,Sonny Boy Williamson II,More Real Folk Blues,1966-08-03,1966,59,0.59,188200,3.14
Blues,My Babe,Little Walter,The Essential Little Walter,1993-06-08,1993,58,0.58,162040,2.7
Blues,"Cold, Cold Feeling",Albert Collins,Ice Pickin',1978-01-01,1978,58,0.58,318840,5.31
Blues,No Good,KALEO,A/B,2016-06-10,2016,68,0.68,234240,3.9
Blues,The Thrill Is Gone,B.B. King,Deuces Wild,1997-11-04,1997,62,0.62,301133,5.02
Blues,Spooky,Dusty Springfield,Dusty... Definitely (Expanded Edtion),1968-11-22,1968,71,0.71,164173,2.74
Blues,Soulman - New English Version,Ben L'Oncle Soul,Ben L'Oncle Soul,2010-01-01,2010,54,0.54,222466,3.71
Blues,PORQUE ELE VIVE (Harpa Cristã 545) BLUES GOSPEL,SOM DA PALAVRA,BLUES HARPA CRISTÃ - VOL.2,2025-09-18,2025,45,0.45,223764,3.73
Blues,BREVE VEREI O BOM JESUS 442 (BLUES),SOM DA PALAVRA,BLUES HARPA CRISTÃ - VOL.6,2025-11-13,2025,22,0.22,211319,3.52
Blues,Something's Got A Hold On Me,Etta James,Heart & Soul: A Retrospective,2011-10-18,2011,68,0.68,169746,2.83
Blues,FIRME NAS PROMESSAS 107 (BLUES),SOM DA PALAVRA,BLUES HARPA CRISTÃ - VOL.6,2025-11-13,2025,23,0.23,279879,4.66
Blues,Saudosa Lembrança - Harpa Cristã - Blues Gospel,Blues do Reino,"BLUES DO REINO, Vol. 1",2025-10-07,2025,45,0.45,229679,3.83
Blues,Ain't No Sunshine,Lighthouse Family,Greatest Hits,2002-01-01,2002,59,0.59,221333,3.69
Blues,"It's A Man's, Man's, Man's World",James Brown & The Famous Flames,It's A Man's Man's Man's World,1966-08-01,1966,68,0.68,167373,2.79
Blues,Plena Paz - Harpa Cristã - Bleus Gospel,Blues do Reino,"BLUES DO REINO, Vol. 1",2025-10-07,2025,46,0.46,274960,4.58
Blues,Guarda o contato - Harpa Cristã - Blues Gospel,Blues do Reino,"BLUES DO REINO, Vol. 1",2025-10-07,2025,48,0.48,238679,3.98
Blues,My Baby Just Cares For Me,Nina Simone,Sinnerman,1965-10-01,1965,66,0.66,215039,3.58
Blues,Slightly Hung Over,Blues Delight,Rock Island Line,2006-11-27,2006,60,0.6,285506,4.76
Blues,Trouble Sleeping,Corinne Bailey Rae,Corinne Bailey Rae,2006-01-01,2006,59,0.59,208733,3.48
Jazz,"Theme From New York, New York - 2008 Remastered",Frank Sinatra,Nothing But The Best (2008 Remastered),2008-05-13,2008,70,0.7,204906,3.42
Jazz,Fly Me To The Moon - 2008 Remastered,Frank Sinatra,Nothing But The Best (2008 Remastered),2008-05-13,2008,67,0.67,147520,2.46
Jazz,Dream A Little Dream Of Me - Single Version,Ella Fitzgerald,"Love, Ella",2007-05-03,2007,66,0.66,185160,3.09
Jazz,L-O-V-E,Nat King Cole,L-O-V-E,1965-01-11,1965,74,0.74,155306,2.59
Jazz,Mas Que Nada - 2011 Rio Version,Sérgio Mendes,Rio: Music From The Motion Picture (International Version),2011-01-01,2011,63,0.63,164200,2.74
Jazz,Samba De Uma Nota Só,Antônio Carlos Jobim,Inédito,2007-06-20,2007,56,0.56,180040,3.0
Jazz,Chega De Saudade,Antônio Carlos Jobim,Inédito,2007-06-20,2007,53,0.53,233200,3.89
Jazz,Blue Moon,Billie Holiday,Solitude,1956-01-01,1956,68,0.68,207826,3.46
Jazz,Unforgettable,Nat King Cole,Unforgettable,1954-01-01,1954,72,0.72,191973,3.2
Jazz,Fraquinha,O Kannalha,Eu Tenho a Senha,2021-06-04,2021,51,0.51,136421,2.27
Jazz,What A Wonderful World,Louis Armstrong,What A Wonderful World,1968-01-01,1968,77,0.77,139226,2.32
Jazz,Wave,Antônio Carlos Jobim,Wave,1967-06-15,1967,63,0.63,176906,2.95
Jazz,O BAIANO TEM O MOLHO,O Kannalha,O Molho Do Maridão,2025-02-21,2025,59,0.59,129933,2.17
Jazz,The Girl From Ipanema,Stan Getz,Getz/Gilberto (Expanded Edition),1964-03-01,1964,69,0.69,320253,5.34
Jazz,Pela Luz dos Olhos Teus - Bonus Track,Miúcha,Miucha & Tom Jobim Vol. 1,1977-07-15,1977,65,0.65,164160,2.74
Jazz,Naipe Baiano,Oh Polêmico,Naipe Baiano,2024-09-10,2024,50,0.5,259466,4.32
Jazz,Água de Beber,Astrud Gilberto,The Astrud Gilberto Album,1965-01-01,1965,66,0.66,138013,2.3
Jazz,Seven Days in Sunny June,Jamiroquai,Dynamite,2005-06-15,2005,71,0.71,237866,3.96
Jazz,Traficante de Desejos,O Kannalha,Século Kannalha 777,2022-04-08,2022,55,0.55,202553,3.38
Jazz,Triste,Elis Regina,Elis & Tom,1974-06-17,1974,58,0.58,162368,2.71
Jazz,O Barquinho,Nara Leão,Obras-Primas,1996-01-01,1996,56,0.56,187093,3.12
Jazz,Corcovado (Quiet Nights Of Quiet Stars),Stan Getz,Getz/Gilberto (Expanded Edition),1964-03-01,1964,66,0.66,256560,4.28
Jazz,Só Tinha De Ser Com Você,Elis Regina,Elis & Tom,1974-06-17,1974,62,0.62,233015,3.88
Jazz,La vie en rose - Single Version,Louis Armstrong,Satchmo Serenades,1952-04-01,1952,72,0.72,203760,3.4
Jazz,Chega De Saudade - Ultimate Mix,João Gilberto,Chega de Saudade,2022-06-18,2022,54,0.54,123333,2.06
Jazz,ELA PAROU NA POSIÇÃO,Mc Rd,ELA PAROU NA POSIÇÃO,2025-07-25,2025,53,0.53,132061,2.2
Jazz,Virtual Insanity - Remastered 2006,Jamiroquai,Driving Songs,2005-01-01,2005,76,0.76,229360,3.82
Jazz,Tell Me Why,Gotts Street Park,On The Inside,2023-10-13,2023,74,0.74,231560,3.86
Jazz,Fly Me To The Moon (In Other Words),Frank Sinatra,Sinatra/Basie: The Complete Reprise Studio Recordings,1962-12-10,1962,74,0.74,147000,2.45
Jazz,Magalenha,Sérgio Mendes,Brasileiro,1992-06-17,1992,71,0.71,216933,3.62
Jazz,No One's Watching Me (feat. Olivia Dean),Ezra Collective,"Dance, No One's Watching",2024-09-27,2024,74,0.74,262306,4.37
Jazz,My One And Only Love,John Coltrane,John Coltrane And Johnny Hartman,1963-01-01,1963,67,0.67,295240,4.92
Jazz,Moon River,Carla Bruni,French Touch,2017-10-06,2017,62,0.62,194346,3.24
Jazz,The Look Of Love,Diana Krall,The Look Of Love,2001-01-01,2001,64,0.64,282000,4.7
Jazz,Cosmic Girl - Remastered 2013,Jamiroquai,Travelling Without Moving (Remastered),1996-09-09,1996,71,0.71,244146,4.07
Jazz,Take Five,The Dave Brubeck Quartet,Time Out,1959-12-14,1959,71,0.71,328831,5.48
Jazz,La vie en rose,Zaz,Recto verso (Edition Collector),2013-05-10,2013,62,0.62,231106,3.85
Jazz,Solitude,Billie Holiday,Solitude,1956-01-01,1956,67,0.67,207600,3.46
Jazz,Just The Way You Are,Diana Krall,Live In Paris,2002-01-01,2002,61,0.61,300520,5.01
Jazz,Fly Me To The Moon,Astrud Gilberto,The Shadow Of Your Smile,1965-05-22,1965,64,0.64,142533,2.38
Jazz,Fotografia,Elis Regina,Elis & Tom,1974-06-17,1974,54,0.54,169049,2.82
Jazz,I'll Be Seeing You,Billie Holiday,Billie Holiday,1957-01-01,1957,70,0.7,211533,3.53
Jazz,Mas Que Nada,Sergio Mendes & Brasil '66,Herb Alpert Presents Sergio Mendes & Brasil '66,1966-08-01,1966,61,0.61,158773,2.65
Jazz,Para Machuchar Meu Coracao,Stan Getz,Getz/Gilberto (Expanded Edition),1964-03-01,1964,60,0.6,307253,5.12
Jazz,Aquarela do Brasil (Participação especial de Gilberto Gil e Caetano Veloso),João Gilberto,Mestres da Mpb,1992-01-01,1992,57,0.57,391866,6.53
Jazz,Dream A Little Dream Of Me,Louis Armstrong,What A Wonderful World,1968-01-01,1968,68,0.68,196840,3.28
Jazz,Fly Me To The Moon,Frank Sinatra,Ultimate Sinatra,2015-04-17,2015,64,0.64,147146,2.45
Jazz,deep in it,berlioz,deep in it,2023-03-10,2023,71,0.71,154862,2.58
Jazz,Corcovado (Quiet Nights Of Quiet Stars),Stan Getz,Getz For Lovers,2002-01-14,2002,49,0.49,253466,4.22
Jazz,Eu Sei Que Vou Te Amar,Antônio Carlos Jobim,Inédito,2007-06-20,2007,49,0.49,112200,1.87
Jazz,"Piano Concerto in B-flat major, K. 595: III. Allegro – Jazz 3",Wolfgang Amadeus Mozart,"MOZART X JAZZ: Piano Concerto in B-flat major, K. 595",2025-11-14,2025,3,0.03,131613,2.19
Jazz,"Piano Concerto in B-flat major, K. 595: II. Larghetto – Jazz 1",Wolfgang Amadeus Mozart,"MOZART X JAZZ: Piano Concerto in B-flat major, K. 595",2025-11-14,2025,3,0.03,146200,2.44
Jazz,"Piano Concerto in B-flat major, K. 595: I. Allegro – Jazz 3",Wolfgang Amadeus Mozart,"MOZART X JAZZ: Piano Concerto in B-flat major, K. 595",2025-11-14,2025,4,0.04,157880,2.63
Jazz,"Piano Concerto in B-flat major, K. 595: III. Allegro – Jazz 1",Wolfgang Amadeus Mozart,"MOZART X JAZZ: Piano Concerto in B-flat major, K. 595",2025-11-14,2025,3,0.03,94973,1.58
Jazz,"Piano Concerto in B-flat major, K. 595: I. Allegro – Jazz 1",Wolfgang Amadeus Mozart,"MOZART X JAZZ: Piano Concerto in B-flat major, K. 595",2025-11-14,2025,5,0.05,215040,3.58
Jazz,"Piano Concerto in B-flat major, K. 595: I. Allegro – Jazz 2",Wolfgang Amadeus Mozart,"MOZART X JAZZ: Piano Concerto in B-flat major, K. 595",2025-11-14,2025,4,0.04,90386,1.51
Jazz,"Piano Concerto in B-flat major, K. 595: III. Allegro – Jazz 4",Wolfgang Amadeus Mozart,"MOZART X JAZZ: Piano Concerto in B-flat major, K. 595",2025-11-14,2025,2,0.02,193733,3.23
Jazz,"Piano Concerto in B-flat major, K. 595: II. Larghetto – Jazz 3",Wolfgang Amadeus Mozart,"MOZART X JAZZ: Piano Concerto in B-flat major, K. 595",2025-11-14,2025,3,0.03,84413,1.41
Jazz,"Piano Concerto in B-flat major, K. 595: III. Allegro – Jazz 2",Wolfgang Amadeus Mozart,"MOZART X JAZZ: Piano Concerto in B-flat major, K. 595",2025-11-14,2025,3,0.03,193280,3.22
Jazz,"Piano Concerto in B-flat major, K. 595: II. Larghetto – Jazz 2",Wolfgang Amadeus Mozart,"MOZART X JAZZ: Piano Concerto in B-flat major, K. 595",2025-11-14,2025,3,0.03,135013,2.25
Jazz,Thrill Me - Recollections 2025,Simply Red,Recollections,2025-11-21,2025,32,0.32,305438,5.09
